season,site,plot_no,niche,quad,species,blank_corrected_ppm,dry_mass,sample_area_cm2,sample_depth_cm,moist,flux_nmol_C2H4_g_h,molC2H4_g_h,molN2_g_h,flux_gramN_g_h,flux_gN_cm2_hr,
summer_wet,FirLopSo,,Lichen,NE,clacar,0.220885333,1.17,4.909,2,37.607,0.018,1.8E-11,6E-12,1.68E-10,5.8448E-11,
summer_wet,FirLopSo,,Lichen,6,clacar,-1.424354667,1.71,4.909,2,52.047,-0.079,-7.9E-11,-2.63333E-11,-7.37333E-10,-1.96403E-10,
summer,GibFalls,,Lichen,7,clacar,-1.2944792,1.79,4.909,2,-0.559,-0.074,-7.4E-11,-2.46667E-11,-6.90667E-10,-2.5146E-10,
summer,GravPit,,Lichen,7,clacar,-1.8095672,0.93,4.909,2,1.075,-0.211,-2.11E-10,-7.03333E-11,-1.96933E-09,-3.7349E-10,
summer,GibFalls,,Lichen,8,clacar,-2.0571832,1.97,4.909,2,-1.523,-0.107,-1.07E-10,-3.56667E-11,-9.98667E-10,-3.99622E-10,
summer,GibFalls,,Lichen,SW,clacar,-2.1279832,1.24,4.909,2,0.806,-0.175,-1.75E-10,-5.83333E-11,-1.63333E-09,-4.13374E-10,
summer,GravPit,,Lichen,SE,clacar,-2.5011432,1.45,4.909,2,1.379,-0.187,-1.87E-10,-6.23333E-11,-1.74533E-09,-5.1623E-10,
fall,BiscBas,,Lichen,8,clacar,-6.6291632,4.12,4.909,2,6.311,-0.157,-1.57E-10,-5.23333E-11,-1.46533E-09,-1.22988E-09,
fall,BiscBas,,Lichen,6,clacar,-8.6250432,2.81,4.909,2,3.915,-0.299,-2.99E-10,-9.96667E-11,-2.79067E-09,-1.60017E-09,
fall,FirLopSo,,Lichen,1,clacar,-8.9318832,2.41,4.909,2,0.83,-0.357,-3.57E-10,-1.19E-10,-3.332E-09,-1.63868E-09,
summer,FirLopSo,,Lichen,NE,clafri,32.1793008,1.17,4.909,2,0.855,2.947,2.947E-09,9.82333E-10,2.75053E-08,6.55972E-09,
summer_wet,FounEast,,Lichen,6,clafri,5.530677333,0.49,4.909,2,108.163,1.031,1.031E-09,3.43667E-10,9.62267E-09,1.16921E-09,
summer_wet,GravPit,,Lichen,SW,clafri,1.342221333,0.97,4.909,2,58.763,0.128,1.28E-10,4.26667E-11,1.19467E-09,4.33914E-10,
summer,FirLopSo,,Lichen,SW,clafri,1.1175088,1.17,4.909,2,1.709,0.102,1.02E-10,3.4E-11,9.52E-10,2.27804E-10,
summer_wet,BiscBas,,Lichen,SE,clafri,-1.716530667,2.91,4.909,2,29.21,-0.053,-5.3E-11,-1.76667E-11,-4.94667E-10,-4.805E-11,
summer_wet,BiscBas,,Lichen,NW,clafri,-1.438626667,2.06,4.909,2,5.825,-0.062,-6.2E-11,-2.06667E-11,-5.78667E-10,-1.50201E-10,
summer_wet,GibFalls,,Lichen,NE,clafri,-1.513786667,1.46,4.909,2,44.521,-0.094,-9.4E-11,-3.13333E-11,-8.77333E-10,-1.62828E-10,
summer_wet,GibFalls,,Lichen,SE,clafri,-0.208026667,2.04,4.909,2,38.725,-0.009,-9E-12,-3E-12,-8.4E-11,-1.75489E-10,
summer_wet,FirLopSo,,Lichen,SE,clafri,-1.786402667,1.51,4.909,2,55.629,-0.112,-1.12E-10,-3.73333E-11,-1.04533E-09,-1.75864E-10,
summer_wet,GravPit,,Lichen,SE,clafri,-1.493442667,0.77,4.909,2,58.442,-0.179,-1.79E-10,-5.96667E-11,-1.67067E-09,-2.0008E-10,
summer_wet,FirLopSo,,Lichen,SW,clafri,-1.598546667,1.47,4.909,2,38.095,-0.103,-1.03E-10,-3.43333E-11,-9.61333E-10,-2.50986E-10,
summer_wet,BiscBas,,Lichen,SW,clafri,-1.639370667,0.78,4.909,2,12.821,-0.188,-1.88E-10,-6.26667E-11,-1.75467E-09,-2.6281E-10,
summer,BiscBas,,Lichen,7,clafri,-1.3969352,1.03,4.909,2,-1.942,-0.142,-1.42E-10,-4.73333E-11,-1.32533E-09,-2.77902E-10,
summer_wet,BiscBas,,Lichen,6,clafri,-1.695778667,1.5,4.909,2,37.333,-0.101,-1.01E-10,-3.36667E-11,-9.42667E-10,-2.869E-10,
summer_wet,FounEast,,Lichen,NW,clafri,-0.795618667,0.32,4.909,2,106.25,-0.227,-2.27E-10,-7.56667E-11,-2.11867E-09,-3.05848E-10,
summer,BiscBas,,Lichen,SE,clafri,-1.7260552,1.56,4.909,2,1.282,-0.116,-1.16E-10,-3.86667E-11,-1.08267E-09,-3.43376E-10,
summer,GravPit,,Lichen,NW,clafri,-1.6771832,1.51,4.909,2,-0.662,-0.121,-1.21E-10,-4.03333E-11,-1.12933E-09,-3.46166E-10,
summer,BiscBas,,Lichen,SW,clafri,-1.8784632,2.61,4.909,2,0.383,-0.075,-7.5E-11,-2.5E-11,-7E-10,-3.73696E-10,
summer,GravPit,,Lichen,6,clafri,-1.9038472,1.15,4.909,2,0.87,-0.18,-1.8E-10,-6E-11,-1.68E-09,-3.9295E-10,
summer,GravPit,,Lichen,6,clafri,-1.9038472,1.41,4.909,2,0.709,-0.147,-1.47E-10,-4.9E-11,-1.372E-09,-3.9295E-10,
summer,GravPit,,Lichen,8,clafri,-1.9679432,1.38,4.909,2,1.449,-0.155,-1.55E-10,-5.16667E-11,-1.44667E-09,-4.06178E-10,
summer,GravPit,,Lichen,8,clafri,-2.0187032,1.38,4.909,2,1.449,-0.159,-1.59E-10,-5.3E-11,-1.484E-09,-4.16656E-10,
summer,BiscBas,,Lichen,9,clafri,-2.1405192,1.32,4.909,2,0,-0.17,-1.7E-10,-5.66667E-11,-1.58667E-09,-4.2583E-10,
summer,GibFalls,,Lichen,SE,clafri,-2.4047832,1.92,4.909,2,-0.521,-0.128,-1.28E-10,-4.26667E-11,-1.19467E-09,-4.67144E-10,
summer,GibFalls,,Lichen,9,clafri,-2.6423832,1.55,4.909,2,0,-0.174,-1.74E-10,-5.8E-11,-1.624E-09,-5.133E-10,
summer,BiscBas,,Lichen,NW,clafri,-2.6416072,1.43,4.909,2,0,-0.193,-1.93E-10,-6.43333E-11,-1.80133E-09,-5.25514E-10,
summer,FirLopSo,,Lichen,6,clafri,-2.8533472,3.46,4.909,2,0,-0.088,-8.8E-11,-2.93333E-11,-8.21333E-10,-5.81652E-10,
summer,FirLopSo,,Lichen,9,clafri,-3.1113872,1.8,4.909,2,0,-0.185,-1.85E-10,-6.16667E-11,-1.72667E-09,-6.34254E-10,
summer,FirLopSo,,Lichen,8,clafri,-3.3246192,1.26,4.909,2,-0.794,-0.283,-2.83E-10,-9.43333E-11,-2.64133E-09,-6.77722E-10,
fall,FirLopSo,,Lichen,5,clafri,-8.3723312,2.96,4.909,2,35.135,-0.273,-2.73E-10,-9.1E-11,-2.548E-09,-1.53602E-09,
fall,GravPit,,Lichen,4,clafri,-7.1799912,2.07,4.909,2,4.348,-0.391,-3.91E-10,-1.30333E-10,-3.64933E-09,-1.53967E-09,
fall,FirLopSo,,Lichen,7,clafri,-8.8043312,9.59,4.909,2,1.668,-0.089,-8.9E-11,-2.96667E-11,-8.30667E-10,-1.61528E-09,
fall,FounEast,,Lichen,7,clafri,-7.8354552,0.86,4.909,2,106.977,-0.989,-9.89E-10,-3.29667E-10,-9.23067E-09,-1.61722E-09,
fall,FounEast,,Lichen,3,clafri,-7.8450472,4.1,4.909,2,2.927,-0.208,-2.08E-10,-6.93333E-11,-1.94133E-09,-1.6192E-09,
fall,FirLopSo,,Lichen,3,clafri,-8.8659872,2.42,4.909,2,5.785,-0.353,-3.53E-10,-1.17667E-10,-3.29467E-09,-1.62659E-09,
fall,FirLopSo,,Lichen,4,clafri,-8.8721952,1.63,4.909,2,1.84,-0.525,-5.25E-10,-1.75E-10,-4.9E-09,-1.62773E-09,
fall,FounEast,,Lichen,1,clafri,-7.9235192,0.49,4.909,2,14.286,-1.755,-1.755E-09,-5.85E-10,-1.638E-08,-1.63539E-09,
fall,GravPit,,Lichen,3,clafri,-7.6727752,1.09,4.909,2,11.009,-0.794,-7.94E-10,-2.64667E-10,-7.41067E-09,-1.64534E-09,
fall,FirLopSo,,Lichen,2,clafri,-9.0739312,3.15,4.909,2,13.968,-0.278,-2.78E-10,-9.26667E-11,-2.59467E-09,-1.66474E-09,
fall,GravPit,,Lichen,8,clafri,-7.7657592,1.2,4.909,2,2.5,-0.73,-7.3E-10,-2.43333E-10,-6.81333E-09,-1.66528E-09,
fall,GravPit,,Lichen,5,clafri,-7.7878952,2.02,4.909,2,6.436,-0.435,-4.35E-10,-1.45E-10,-4.06E-09,-1.67003E-09,
fall,FounEast,,Lichen,5,clafri,-8.1282792,0.93,4.909,2,203.226,-0.948,-9.48E-10,-3.16E-10,-8.848E-09,-1.67766E-09,
fall,GibFalls,,Lichen,2,clafri,-7.9060312,1.7,4.909,2,8.235,-0.524,-5.24E-10,-1.74667E-10,-4.89067E-09,-1.69536E-09,
fall,GravPit,,Lichen,7,clafri,-8.2998232,3.4,4.909,2,7.353,-0.275,-2.75E-10,-9.16667E-11,-2.56667E-09,-1.77981E-09,
fall,GravPit,,Lichen,6,clafri,-8.7750712,1.34,4.909,2,6.716,-0.738,-7.38E-10,-2.46E-10,-6.888E-09,-1.88172E-09,
summer,reburn,,lupine,N,lupine,2751.310896,0.26,4.909,2,73.077,956.837,9.56837E-07,3.18946E-07,8.93048E-06,4.7322E-07,
summer,reburn,,lupine,S,lupine,329.816344,0.07,4.909,2,71.429,426.035,4.26035E-07,1.42012E-07,3.97633E-06,5.67278E-08,
summer,reburn,,lupine,SE,lupine,262.788024,0.12,4.909,2,75,198.014,1.98014E-07,6.60047E-08,1.84813E-06,4.5199E-08,
summer,glade,,lupine,NE,lupine,44.221904,0.01,4.909,2,0,399.861,3.99861E-07,1.33287E-07,3.73204E-06,7.60608E-09,
summer,reburn,,lupine,NE,lupine,8.311368,0.01,4.909,2,0,75.153,7.5153E-08,2.5051E-08,7.01428E-07,1.42954E-09,
summer,reburn,,lupine,SW,lupine,2.02404,0.03,4.909,2,0,6.101,6.101E-09,2.03367E-09,5.69427E-08,3.4813E-10,
summer,glade,,lupine,W,lupine,-0.06552,0.01,4.909,2,100,-0.592,-5.92E-10,-1.97333E-10,-5.52533E-09,-1.12693E-11,
summer_wet,BiscBas,,Wood,6,NA,2.109258667,0.7,4.909,2,165.714,0.27,2.7E-10,9E-11,2.52E-09,1.86896E-09,
summer_wet,FirLopSo,,Wood,6,NA,8.752634667,1.44,4.909,2,105.556,0.573,5.73E-10,1.91E-10,5.348E-09,1.43548E-09,
summer_wet,GravPit,,Wood,6,NA,4.363338667,1.42,4.909,2,202.113,0.284,2.84E-10,9.46667E-11,2.65067E-09,1.2316E-09,
summer_wet,GravPit,,Wood,NW,NA,8.172018667,1.59,4.909,2,105.031,0.475,4.75E-10,1.58333E-10,4.43333E-09,9.57632E-10,
summer_wet,FounEast,,Wood,NE,NA,4.911234667,1.47,4.909,2,159.184,0.305,3.05E-10,1.01667E-10,2.84667E-09,7.66452E-10,
summer_wet,GravPit,,Wood,SW,NA,0.521210667,1.218,4.909,2,63.383,0.04,4E-11,1.33333E-11,3.73333E-10,6.12742E-10,
summer_wet,FounEast,,Wood,NW,NA,1.476850667,1.48,4.909,2,174.324,0.091,9.1E-11,3.03333E-11,8.49333E-10,3.62532E-10,
summer_wet,FirLopSo,,Moss,SW,NA,6.055246,2.32,4.909,2,32.759,0.246,2.46E-10,8.2E-11,2.296E-09,3.59048E-10,
summer_wet,GravPit,,Wood,NE,NA,7.011394667,2.3,4.909,2,158.261,0.282,2.82E-10,9.4E-11,2.632E-09,3.59048E-10,
summer_wet,BiscBas,,Wood,6,NA,2.109258667,1.16,4.909,2,60.345,0.163,1.63E-10,5.43333E-11,1.52133E-09,3.26218E-10,
summer_wet,FirLopSo,,Wood,NE,NA,3.852810667,2.8,4.909,2,96.429,0.13,1.3E-10,4.33333E-11,1.21333E-09,2.35772E-10,
summer_wet,BiscBas,,Wood,NW,NA,1.495482667,2.61,4.909,2,85.824,0.051,5.1E-11,1.7E-11,4.76E-10,1.86533E-10,
summer_wet,FounEast,,Litter,6,NA,0.362368,0.807,4.909,2,131.722,0.041,4.1E-11,1.36667E-11,3.82667E-10,9.15546E-11,
summer_wet,FounEast,,Wood,SE,NA,1.876882667,1.15,4.909,2,106.957,0.149,1.49E-10,4.96667E-11,1.39067E-09,8.64554E-11,
summer_wet,GibFalls,,Wood,NE,NA,0.339818667,2.02,4.909,2,30.693,0.015,1.5E-11,5E-12,1.4E-10,7.06084E-11,
summer_wet,GibFalls,,Wood,NW,NA,1.084506667,2.19,4.909,2,69.406,0.045,4.5E-11,1.5E-11,4.2E-10,6.29826E-11,
summer_wet,GibFalls,,Wood,SE,NA,0.362018667,1.46,4.909,2,93.151,0.022,2.2E-11,7.33333E-12,2.05333E-10,5.78148E-11,
summer_wet,FirLopSo,,Wood,NW,NA,0.322130667,1.62,4.909,2,82.099,0.019,1.9E-11,6.33333E-12,1.77333E-10,3.96436E-11,
summer_wet,GibFalls,,Litter,SE,NA,0.11036,1.396,4.909,2,42.55,0.007,7E-12,2.33333E-12,6.53333E-11,3.95408E-11,
summer_wet,BiscBas,,Wood,NE,NA,0.532890667,1.89,4.909,2,122.751,0.025,2.5E-11,8.33333E-12,2.33333E-10,2.30052E-11,
summer_wet,FounEast,,Soil,NW,NA,3.525392,10.8,4.909,2,44.722,0.03,3E-11,1E-11,2.8E-10,2.30052E-11,
summer_wet,FounEast,,Soil,NE,NA,1.179552,7.67,4.909,2,30.378,0.014,1.4E-11,4.66667E-12,1.30667E-10,1.89817E-11,
summer_wet,BiscBas,,Soil,SW,NA,-0.044056,7.08,4.909,2,6.073,-0.001,-1E-12,-3.33333E-13,-9.33333E-12,-1.95453E-12,
summer_wet,FirLopSo,,Wood,SE,NA,-0.058069333,2.47,4.909,2,61.943,-0.002,-2E-12,-6.66667E-13,-1.86667E-11,-6.29466E-12,
summer_wet,FirLopSo,,Soil,NW,NA,-0.306952,14.6,4.909,2,17.877,-0.002,-2E-12,-6.66667E-13,-1.86667E-11,-1.04221E-11,
summer_wet,FirLopSo,,Soil,NE,NA,-1.143376,11.04,4.909,2,18.659,-0.01,-1E-11,-3.33333E-12,-9.33333E-11,-1.33769E-11,
summer_wet,FounEast,,Soil,SE,NA,-0.589608,5.23,4.909,2,29.446,-0.01,-1E-11,-3.33333E-12,-9.33333E-11,-2.11056E-11,
summer_wet,GravPit,,Soil,NE,NA,-0.659656,22.17,4.909,2,15.336,-0.003,-3E-12,-1E-12,-2.8E-11,-2.5372E-11,
summer_wet,BiscBas,,Soil,SE,NA,-0.952872,9.49,4.909,2,18.335,-0.009,-9E-12,-3E-12,-8.4E-11,-3.57802E-11,
summer_wet,GravPit,,Litter,NW,NA,-0.120152,1.02,4.909,2,75.49,-0.011,-1.1E-11,-3.66667E-12,-1.02667E-10,-3.87276E-11,
summer_wet,GibFalls,,Soil,NE,NA,-1.535672,5.49,4.909,2,18.761,-0.025,-2.5E-11,-8.33333E-12,-2.33333E-10,-4.75022E-11,
summer_wet,BiscBas,,Wood,SW,NA,-0.417629333,1.03,4.909,2,56.311,-0.036,-3.6E-11,-1.2E-11,-3.36E-10,-4.91906E-11,
summer_wet,BiscBas,,Litter,SE,NA,-0.279056,0.9,4.909,2,41.111,-0.028,-2.8E-11,-9.33333E-12,-2.61333E-10,-5.2308E-11,
summer_wet,FounEast,,Soil,SW,NA,-1.355072,9.37,4.909,2,32.231,-0.013,-1.3E-11,-4.33333E-12,-1.21333E-10,-5.23594E-11,
summer_wet,FounEast,,Wood,6,NA,-0.011245333,1.42,4.909,2,74.648,-0.001,-1E-12,-3.33333E-13,-9.33333E-12,-5.50906E-11,
fall,FounEast,,Soil,7,NA,-0.3291112,2.27,4.909,2,25.991,-0.016,-1.6E-11,-5.33333E-12,-1.49333E-10,-6.79278E-11,
summer_wet,BiscBas,,Litter,NW,NA,-0.882368,1.26,4.909,2,39.683,-0.063,-6.3E-11,-2.1E-11,-5.88E-10,-7.0394E-11,
summer_wet,GibFalls,,Soil,NW,NA,-1.709944,5.18,4.909,2,19.691,-0.03,-3E-11,-1E-11,-2.8E-10,-7.10908E-11,
fall,FounEast,,Litter,6,NA,-0.3662408,0.97,4.909,2,70.103,-0.041,-4.1E-11,-1.36667E-11,-3.82667E-10,-7.55912E-11,
summer_wet,FirLopSo,,Litter,NW,NA,-0.528624,1.17,4.909,2,43.59,-0.043,-4.3E-11,-1.43333E-11,-4.01333E-10,-8.126E-11,
summer_wet,FounEast,,Litter,NW,NA,-0.283016,0.629,4.909,2,108.267,-0.041,-4.1E-11,-1.36667E-11,-3.82667E-10,-9.48754E-11,
summer_wet,GravPit,,Soil,SE,NA,-0.424696,7.61,4.909,2,31.932,-0.005,-5E-12,-1.66667E-12,-4.66667E-11,-9.80744E-11,
summer_wet,BiscBas,,Soil,NW,NA,-1.491512,6.66,4.909,2,13.664,-0.02,-2E-11,-6.66667E-12,-1.86667E-10,-9.83584E-11,
summer_wet,FirLopSo,,Soil,SW,NA,-1.199856,11.02,4.909,2,18.058,-0.01,-1E-11,-3.33333E-12,-9.33333E-11,-1.02479E-10,
summer,GibFalls,,Wood,NW,NA,-0.5734168,1.65,4.909,2,-0.606,-0.035,-3.5E-11,-1.16667E-11,-3.26667E-10,-1.1139E-10,
summer_wet,GibFalls,,Wood,6,NA,-0.036597333,1.41,4.909,2,55.319,-0.002,-2E-12,-6.66667E-13,-1.86667E-11,-1.15873E-10,
summer_wet,BiscBas,,Wood,SE,NA,-0.307589333,1.98,4.909,2,136.869,-0.014,-1.4E-11,-4.66667E-12,-1.30667E-10,-1.16274E-10,
summer_wet,GravPit,,Litter,NE,NA,-1.496152,0.62,4.909,2,53.226,-0.223,-2.23E-10,-7.43333E-11,-2.08133E-09,-1.38285E-10,
summer_wet,FirLopSo,,Litter,SE,NA,-1.629256,1.25,4.909,2,20,-0.123,-1.23E-10,-4.1E-11,-1.148E-09,-1.45916E-10,
summer_wet,GravPit,,Litter,SW,NA,-0.273544,0.46,4.909,2,54.348,-0.055,-5.5E-11,-1.83333E-11,-5.13333E-10,-1.4875E-10,
summer_wet,FounEast,,Litter,SE,NA,-1.151152,0.574,4.909,2,56.794,-0.183,-1.83E-10,-6.1E-11,-1.708E-09,-1.49497E-10,
summer_wet,BiscBas,,Soil,NE,NA,-0.955072,13.02,4.909,2,7.45,-0.007,-7E-12,-2.33333E-12,-6.53333E-11,-1.50329E-10,
summer_wet,FounEast,,Litter,NE,NA,-0.936824,0.867,4.909,2,104.152,-0.099,-9.9E-11,-3.3E-11,-9.24E-10,-1.59082E-10,
summer,FounEast,,Wood,7,NA,-0.8037208,1.28,4.909,2,79.688,-0.066,-6.6E-11,-2.2E-11,-6.16E-10,-1.5989E-10,
summer_wet,GravPit,,Soil,NW,NA,-0.855808,11.1,4.909,2,16.396,-0.007,-7E-12,-2.33333E-12,-6.53333E-11,-1.61917E-10,
summer_wet,GibFalls,,Soil,SE,NA,-0.941392,9.62,4.909,2,11.642,-0.009,-9E-12,-3E-12,-8.4E-11,-1.62202E-10,
summer_wet,GravPit,,Soil,SW,NA,-0.558328,8.19,4.909,2,25.275,-0.006,-6E-12,-2E-12,-5.6E-11,-1.62577E-10,
summer,FounEast,,Soil,7,NA,-0.9419208,5.95,4.909,2,13.277,-0.017,-1.7E-11,-5.66667E-12,-1.58667E-10,-1.87383E-10,
summer_wet,GibFalls,,Litter,6,NA,-0.472448,0.88,4.909,2,55.682,-0.049,-4.9E-11,-1.63333E-11,-4.57333E-10,-2.21796E-10,
summer,BiscBas,,Litter,9,NA,-0.981592,1.17,4.909,2,0,-0.088,-8.8E-11,-2.93333E-11,-8.21333E-10,-1.95275E-10,
summer_wet,FirLopSo,,Soil,SE,NA,-1.365104,7.99,4.909,2,20.776,-0.016,-1.6E-11,-5.33333E-12,-1.49333E-10,-2.00566E-10,
summer_wet,GibFalls,,Soil,6,NA,-1.35492,12.58,4.909,2,12.639,-0.01,-1E-11,-3.33333E-12,-9.33333E-11,-2.05208E-10,
summer,FounEast,,Soil,NW,NA,-1.0781528,5.69,4.909,2,10.018,-0.02,-2E-11,-6.66667E-12,-1.86667E-10,-2.14484E-10,
summer_wet,BiscBas,,Litter,SW,NA,-0.078584,0.71,4.909,2,53.521,-0.01,-1E-11,-3.33333E-12,-9.33333E-11,-2.15346E-10,
summer_wet,GibFalls,,Litter,NE,NA,-0.924904,0.836,4.909,2,71.053,-0.1,-1E-10,-3.33333E-11,-9.33333E-10,-2.88664E-10,
summer,GibFalls,,Wood,7,NA,-1.1556568,1.58,4.909,2,-1.266,-0.075,-7.5E-11,-2.5E-11,-7E-10,-2.24494E-10,
summer_wet,FirLopSo,,Soil,6,NA,-0.977784,9.89,4.909,2,10.617,-0.009,-9E-12,-3E-12,-8.4E-11,-2.33044E-10,
summer_wet,BiscBas,,Soil,6,NA,-1.607816,11.47,4.909,2,2.005,-0.013,-1.3E-11,-4.33333E-12,-1.21333E-10,-2.35522E-10,
summer_wet,GravPit,,Wood,SE,NA,-0.846821333,1.4,4.909,2,150.714,-0.056,-5.6E-11,-1.86667E-11,-5.22667E-10,-2.4489E-10,
summer_wet,FirLopSo,,Litter,6,NA,-0.178552,1.06,4.909,2,74.528,-0.016,-1.6E-11,-5.33333E-12,-1.49333E-10,-2.45004E-10,
summer_wet,GravPit,,Soil,6,NA,-1.1418,6.49,4.909,2,17.411,-0.016,-1.6E-11,-5.33333E-12,-1.49333E-10,-2.53892E-10,
summer_wet,FounEast,,Wood,SW,NA,-1.129997333,1.2,4.909,2,167.5,-0.086,-8.6E-11,-2.86667E-11,-8.02667E-10,-2.60368E-10,
fall,GibFalls,,Soil,2,NA,-1.2207512,11.14,4.909,2,3.591,-0.012,-1.2E-11,-4E-12,-1.12E-10,-2.61776E-10,
summer_wet,GibFalls,,Soil,SW,NA,-1.724256,6.46,4.909,2,2.941,-0.024,-2.4E-11,-8E-12,-2.24E-10,-2.64132E-10,
summer_wet,FirLopSo,,Wood,SW,NA,-0.215781333,1.65,4.909,2,173.333,-0.012,-1.2E-11,-4E-12,-1.12E-10,-2.7369E-10,
summer,FounEast,,Soil,6,NA,-1.3841688,7.43,4.909,2,6.864,-0.019,-1.9E-11,-6.33333E-12,-1.77333E-10,-2.75362E-10,
summer,FirLopSo,,Soil,SW,NA,-1.3551488,8.87,4.909,2,2.368,-0.016,-1.6E-11,-5.33333E-12,-1.49333E-10,-2.76246E-10,
summer_wet,FounEast,,Litter,SW,NA,-0.860128,0.421,4.909,2,63.895,-0.187,-1.87E-10,-6.23333E-11,-1.74533E-09,-2.79062E-10,
summer,FounEast,,Wood,NW,NA,-1.4108168,1.07,4.909,2,3.738,-0.138,-1.38E-10,-4.6E-11,-1.288E-09,-2.80664E-10,
summer,FounEast,,Soil,NE,NA,-1.4421288,6.87,4.909,2,5.677,-0.022,-2.2E-11,-7.33333E-12,-2.05333E-10,-2.86894E-10,
summer_wet,GibFalls,,Litter,SW,NA,-1.778208,0.707,4.909,2,32.956,-0.227,-2.27E-10,-7.56667E-11,-2.11867E-09,-4.57872E-10,
summer,FounEast,,Soil,8,NA,-1.4576968,5.97,4.909,2,5.863,-0.026,-2.6E-11,-8.66667E-12,-2.42667E-10,-2.8999E-10,
summer_wet,BiscBas,,Litter,NE,NA,-1.033128,0.76,4.909,2,11.842,-0.122,-1.22E-10,-4.06667E-11,-1.13867E-09,-2.92412E-10,
summer_wet,FirLopSo,,Litter,NE,NA,-0.291448,0.96,4.909,2,54.167,-0.029,-2.9E-11,-9.66667E-12,-2.70667E-10,-2.94106E-10,
summer_wet,FounEast,,Soil,6,NA,-1.752776,7.28,4.909,2,26.923,-0.022,-2.2E-11,-7.33333E-12,-2.05333E-10,-2.96568E-10,
fall,FounEast,,Wood,6,NA,-1.50678,2.1,4.909,2,28.095,-0.078,-7.8E-11,-2.6E-11,-7.28E-10,-3.10996E-10,
summer,GravPit,,Soil,9,NA,-1.5247288,2.9,4.909,2,3.793,-0.057,-5.7E-11,-1.9E-11,-5.32E-10,-3.147E-10,
summer,FounEast,,Wood,9,NA,-1.5858648,1.38,4.909,2,2.899,-0.12,-1.2E-10,-4E-11,-1.12E-09,-3.15488E-10,
summer,GravPit,,Wood,NW,NA,-1.5392648,1.48,4.909,2,2.703,-0.113,-1.13E-10,-3.76667E-11,-1.05467E-09,-3.177E-10,
summer_wet,BiscBas,,Litter,6,NA,-1.47444,1.24,4.909,2,8.871,-0.106,-1.06E-10,-3.53333E-11,-9.89333E-10,-3.20616E-10,
summer,BiscBas,,Wood,SE,NA,-1.6425848,1.69,4.909,2,2.959,-0.102,-1.02E-10,-3.4E-11,-9.52E-10,-3.26772E-10,
summer,FounEast,,Litter,9,NA,-1.655528,0.98,4.909,2,4.082,-0.177,-1.77E-10,-5.9E-11,-1.652E-09,-3.29346E-10,
summer,FounEast,,Litter,9,NA,-1.655528,1.38,4.909,2,-2.174,-0.125,-1.25E-10,-4.16667E-11,-1.16667E-09,-3.29346E-10,
summer,FounEast,,Litter,NW,NA,-1.656176,0.65,4.909,2,4.615,-0.266,-2.66E-10,-8.86667E-11,-2.48267E-09,-3.29476E-10,
summer_wet,GibFalls,,Litter,NW,NA,-2.238832,0.79,4.909,2,51.899,-0.289,-2.89E-10,-9.63333E-11,-2.69733E-09,-4.34908E-10,
summer,GibFalls,,Soil,NW,NA,-1.7374248,14.83,4.909,2,0.944,-0.012,-1.2E-11,-4E-12,-1.12E-10,-3.37506E-10,
summer,BiscBas,,Wood,NW,NA,-1.6976408,2.05,4.909,2,-0.488,-0.087,-8.7E-11,-2.9E-11,-8.12E-10,-3.37724E-10,
summer,FounEast,,Wood,8,NA,-1.6982808,0.85,4.909,2,2.353,-0.209,-2.09E-10,-6.96667E-11,-1.95067E-09,-3.37852E-10,
summer,FounEast,,Wood,SE,NA,-1.7009448,1.12,4.909,2,2.679,-0.159,-1.59E-10,-5.3E-11,-1.484E-09,-3.38382E-10,
summer,GravPit,,Wood,6,NA,-1.6433448,1.01,4.909,2,1.98,-0.177,-1.77E-10,-5.9E-11,-1.652E-09,-3.39182E-10,
fall,FounEast,,Soil,5,NA,-1.6775912,3.34,4.909,2,25.15,-0.054,-5.4E-11,-1.8E-11,-5.04E-10,-3.4625E-10,
summer,FirLopSo,,Soil,SE,NA,-1.7052528,12.76,4.909,2,1.019,-0.014,-1.4E-11,-4.66667E-12,-1.30667E-10,-3.47614E-10,
summer,FounEast,,Litter,6,NA,-1.766408,0.63,4.909,2,3.175,-0.293,-2.93E-10,-9.76667E-11,-2.73467E-09,-3.51404E-10,
summer,BiscBas,,Soil,NW,NA,-2.3015928,0,4.909,2,,,0,0,0,-3.52064E-10,
fall,GravPit,,Wood,3,NA,-1.643916,1.83,4.909,2,9.836,-0.101,-1.01E-10,-3.36667E-11,-9.42667E-10,-3.5252E-10,
summer,BiscBas,,Soil,SW,NA,-1.7796408,13.17,4.909,2,2.126,-0.014,-1.4E-11,-4.66667E-12,-1.30667E-10,-3.54036E-10,
fall,GibFalls,,Wood,2,NA,-1.691092,1.44,4.909,2,4.167,-0.132,-1.32E-10,-4.4E-11,-1.232E-09,-3.62636E-10,
summer,GravPit,,Wood,7,NA,-1.7853848,1.54,4.909,2,1.948,-0.126,-1.26E-10,-4.2E-11,-1.176E-09,-3.68498E-10,
summer,FounEast,,Wood,NE,NA,-1.8617688,0.93,4.909,2,1.075,-0.209,-2.09E-10,-6.96667E-11,-1.95067E-09,-3.70376E-10,
summer,GibFalls,,Soil,SE,NA,-1.9396408,6.87,4.909,2,4.658,-0.029,-2.9E-11,-9.66667E-12,-2.70667E-10,-3.76788E-10,
summer,BiscBas,,Wood,8,NA,-1.8968328,1.595,4.909,2,2.821,-0.124,-1.24E-10,-4.13333E-11,-1.15733E-09,-3.7735E-10,
fall,FounEast,,Litter,7,NA,-1.8406648,0.75,4.909,2,9.333,-0.266,-2.66E-10,-8.86667E-11,-2.48267E-09,-3.79908E-10,
summer,BiscBas,,Wood,NE,NA,-1.9318808,1.8,4.909,2,-0.556,-0.112,-1.12E-10,-3.73333E-11,-1.04533E-09,-3.84324E-10,
summer,GibFalls,,Wood,9,NA,-1.9979368,0.68,4.909,2,1.471,-0.3,-3E-10,-1E-10,-2.8E-09,-3.88112E-10,
summer,FounEast,,Litter,8,NA,-1.966368,1.12,4.909,2,3.571,-0.184,-1.84E-10,-6.13333E-11,-1.71733E-09,-3.91184E-10,
summer,BiscBas,,Wood,7,NA,-1.9671928,2.52,4.909,2,0.794,-0.082,-8.2E-11,-2.73333E-11,-7.65333E-10,-3.91348E-10,
summer,GravPit,,Wood,NE,NA,-1.9005368,1.34,4.909,2,-1.493,-0.154,-1.54E-10,-5.13333E-11,-1.43733E-09,-3.92266E-10,
fall,FounEast,,Litter,8,NA,-1.9282648,0.86,4.909,2,22.093,-0.243,-2.43E-10,-8.1E-11,-2.268E-09,-3.97988E-10,
summer,GravPit,,Soil,NW,NA,-1.9326008,11.08,4.909,2,2.527,-0.019,-1.9E-11,-6.33333E-12,-1.77333E-10,-3.98884E-10,
summer,FounEast,,Soil,9,NA,-2.0126408,9.06,4.909,2,1.766,-0.023,-2.3E-11,-7.66667E-12,-2.14667E-10,-4.0039E-10,
summer,GibFalls,,Wood,SE,NA,-2.0834408,0.98,4.909,2,0,-0.217,-2.17E-10,-7.23333E-11,-2.02533E-09,-4.04722E-10,
fall,GravPit,,Litter,3,NA,-1.8886248,0.89,4.909,2,6.742,-0.239,-2.39E-10,-7.96667E-11,-2.23067E-09,-4.04994E-10,
fall,FounEast,,Wood,2,NA,-1.965996,1.58,4.909,2,59.494,-0.135,-1.35E-10,-4.5E-11,-1.26E-09,-4.05776E-10,
summer,GibFalls,,Wood,8,NA,-2.0982328,1.29,4.909,2,0,-0.166,-1.66E-10,-5.53333E-11,-1.54933E-09,-4.07596E-10,
summer,FounEast,,Litter,SW,NA,-2.049456,1.08,4.909,2,5.556,-0.198,-1.98E-10,-6.6E-11,-1.848E-09,-4.07714E-10,
summer,FounEast,,Soil,SW,NA,-2.0516488,3.92,4.909,2,10.459,-0.055,-5.5E-11,-1.83333E-11,-5.13333E-10,-4.0815E-10,
summer,GibFalls,,Wood,6,NA,-2.1064008,1.38,4.909,2,1.449,-0.156,-1.56E-10,-5.2E-11,-1.456E-09,-4.09182E-10,
summer,GibFalls,,Wood,SW,NA,-2.1093688,1.49,4.909,2,0.671,-0.145,-1.45E-10,-4.83333E-11,-1.35333E-09,-4.09758E-10,
fall,FounEast,,Litter,2,NA,-1.9901048,0.91,4.909,2,29.67,-0.237,-2.37E-10,-7.9E-11,-2.212E-09,-4.10752E-10,
summer,GravPit,,Wood,SW,NA,-1.9947768,1.59,4.909,2,0.629,-0.136,-1.36E-10,-4.53333E-11,-1.26933E-09,-4.11716E-10,
fall,GibFalls,,Wood,6,NA,-1.938228,1.29,4.909,2,38.76,-0.169,-1.69E-10,-5.63333E-11,-1.57733E-09,-4.15632E-10,
summer,BiscBas,,Wood,6,NA,-2.1096648,1.99,4.909,2,-0.503,-0.111,-1.11E-10,-3.7E-11,-1.036E-09,-4.19692E-10,
summer,FounEast,,Litter,NE,NA,-2.112032,0.63,4.909,2,1.587,-0.351,-3.51E-10,-1.17E-10,-3.276E-09,-4.20162E-10,
fall,FounEast,,Litter,3,NA,-2.0372808,0.61,4.909,2,13.115,-0.362,-3.62E-10,-1.20667E-10,-3.37867E-09,-4.2049E-10,
fall,GibFalls,,Wood,4,NA,-1.971148,1.96,4.909,2,27.041,-0.113,-1.13E-10,-3.76667E-11,-1.05467E-09,-4.2269E-10,
summer,BiscBas,,Wood,SW,NA,-2.1496888,1.755,4.909,2,12.251,-0.128,-1.28E-10,-4.26667E-11,-1.19467E-09,-4.27654E-10,
summer,FounEast,,Litter,SE,NA,-2.153848,0.86,4.909,2,5.814,-0.262,-2.62E-10,-8.73333E-11,-2.44533E-09,-4.2848E-10,
summer,FounEast,,Litter,SE,NA,-2.153848,1.93,4.909,2,-1.036,-0.117,-1.17E-10,-3.9E-11,-1.092E-09,-4.2848E-10,
summer,GibFalls,,Litter,6,NA,-2.213088,8.34,4.909,2,1.799,-0.027,-2.7E-11,-9E-12,-2.52E-10,-4.29906E-10,
fall,FounEast,,Soil,2,NA,-2.1018312,5.63,4.909,2,11.901,-0.041,-4.1E-11,-1.36667E-11,-3.82667E-10,-4.33812E-10,
summer,GibFalls,,Litter,NW,NA,-2.238832,1.01,4.909,2,-1.98,-0.226,-2.26E-10,-7.53333E-11,-2.10933E-09,-4.34908E-10,
summer,GibFalls,,Litter,SW,NA,-2.26248,1.01,4.909,2,1.98,-0.229,-2.29E-10,-7.63333E-11,-2.13733E-09,-4.39502E-10,
summer,FounEast,,Wood,6,NA,-2.1989928,2.26,4.909,2,6.195,-0.102,-1.02E-10,-3.4E-11,-9.52E-10,-4.37462E-10,
fall,FounEast,,Litter,1,NA,-2.1318648,0.64,4.909,2,12.5,-0.361,-3.61E-10,-1.20333E-10,-3.36933E-09,-4.40012E-10,
summer,GravPit,,Wood,SE,NA,-2.1323528,1.3,4.909,2,0,-0.178,-1.78E-10,-5.93333E-11,-1.66133E-09,-4.40112E-10,
summer,GravPit,,Litter,8,NA,-2.147512,1.32,4.909,2,0.758,-0.177,-1.77E-10,-5.9E-11,-1.652E-09,-4.43242E-10,
fall,GravPit,,Litter,4,NA,-2.0729128,0.86,4.909,2,5.814,-0.272,-2.72E-10,-9.06667E-11,-2.53867E-09,-4.44514E-10,
summer,GibFalls,,Litter,NE,NA,-2.327664,1.27,4.909,2,0.787,-0.187,-1.87E-10,-6.23333E-11,-1.74533E-09,-4.52164E-10,
summer,BiscBas,,Soil,6,NA,-2.2623048,6.3,4.909,2,2.063,-0.038,-3.8E-11,-1.26667E-11,-3.54667E-10,-4.50056E-10,
summer,BiscBas,,Litter,SW,NA,-2.26248,1.07,4.909,2,0,-0.221,-2.21E-10,-7.36667E-11,-2.06267E-09,-4.50092E-10,
fall,GibFalls,,Soil,5,NA,-2.1084872,8.03,4.909,2,3.611,-0.03,-3E-11,-1E-11,-2.8E-10,-4.52142E-10,
summer,GibFalls,,Litter,8,NA,-2.357848,1.05,4.909,2,0.952,-0.229,-2.29E-10,-7.63333E-11,-2.13733E-09,-4.58028E-10,
summer,BiscBas,,Litter,NW,NA,-2.294288,1.304,4.909,2,-2.607,-0.184,-1.84E-10,-6.13333E-11,-1.71733E-09,-4.5642E-10,
summer,GibFalls,,Litter,9,NA,-2.452024,2.16,4.909,2,-0.463,-0.116,-1.16E-10,-3.86667E-11,-1.08267E-09,-4.76322E-10,
summer,BiscBas,,Soil,8,NA,-2.3074088,8.07,4.909,2,1.115,-0.03,-3E-11,-1E-11,-2.8E-10,-4.5903E-10,
fall,FounEast,,Soil,8,NA,-2.2251592,5.64,4.909,2,15.78,-0.043,-4.3E-11,-1.43333E-11,-4.01333E-10,-4.59268E-10,
summer,BiscBas,,Litter,NE,NA,-2.327664,1.59,4.909,2,1.887,-0.153,-1.53E-10,-5.1E-11,-1.428E-09,-4.6306E-10,
summer,BiscBas,,Litter,7,NA,-2.330608,1.43,4.909,2,-2.797202797,-0.17,-1.7E-10,-5.66667E-11,-1.58667E-09,-4.63644E-10,
fall,GibFalls,,Wood,5,NA,-2.163932,3.14,4.909,2,23.885,-0.078,-7.8E-11,-2.6E-11,-7.28E-10,-4.64032E-10,
summer,GravPit,,Wood,8,NA,-2.2494488,1.29,4.909,2,1.55,-0.189,-1.89E-10,-6.3E-11,-1.764E-09,-4.6428E-10,
summer,BiscBas,,Wood,9,NA,-2.3439768,1.97,4.909,2,0,-0.124,-1.24E-10,-4.13333E-11,-1.15733E-09,-4.66304E-10,
summer,BiscBas,,Litter,6,NA,-2.34556,1.34,4.909,2,0.746,-0.183,-1.83E-10,-6.1E-11,-1.708E-09,-4.6662E-10,
summer,FirLopSo,,Soil,6,NA,-2.2933248,10.85,4.909,2,0.461,-0.023,-2.3E-11,-7.66667E-12,-2.14667E-10,-4.67492E-10,
fall,FounEast,,Soil,6,NA,-2.2698312,7.93,4.909,2,14.25,-0.031,-3.1E-11,-1.03333E-11,-2.89333E-10,-4.68488E-10,
summer,GravPit,,Soil,NE,NA,-2.2788568,9.41,4.909,2,0.744,-0.026,-2.6E-11,-8.66667E-12,-2.42667E-10,-4.7035E-10,
summer,GibFalls,,Litter,7,NA,-2.791992,1.29,4.909,2,3.876,-0.221,-2.21E-10,-7.36667E-11,-2.06267E-09,-5.42362E-10,
summer,GravPit,,Soil,8,NA,-2.2949928,10.48,4.909,2,1.24,-0.024,-2.4E-11,-8E-12,-2.24E-10,-4.7368E-10,
summer,GravPit,,Soil,SE,NA,-2.2963928,3.43,4.909,2,5.248,-0.073,-7.3E-11,-2.43333E-11,-6.81333E-10,-4.7397E-10,
summer,GibFalls,,Litter,SE,NA,-2.821528,2.05,4.909,2,1.463,-0.141,-1.41E-10,-4.7E-11,-1.316E-09,-5.481E-10,
summer,GibFalls,,Soil,NE,NA,-2.4450648,9.48,4.909,2,2.321,-0.026,-2.6E-11,-8.66667E-12,-2.42667E-10,-4.7497E-10,
spring,GibFalls,,Litter,NW,,0.029259333,1.78,4.909,2,28.65,0.002,2E-12,6.66667E-13,1.86667E-11,7.54882E-12,
fall,GravPit,,Wood,1,NA,-2.218652,1.65,4.909,2,63.03,-0.152,-1.52E-10,-5.06667E-11,-1.41867E-09,-4.75766E-10,
spring,GibFalls,,Litter,SW,,-0.068996667,1.72,4.909,2,104.65,-0.005,-5E-12,-1.66667E-12,-4.66667E-11,-1.78009E-11,
summer,GibFalls,,Soil,SW,NA,-2.4583848,0.76,4.909,2,0,-0.33,-3.3E-10,-1.1E-10,-3.08E-09,-4.77558E-10,
summer,BiscBas,,Soil,NE,NA,-2.4017448,7.28,4.909,2,3.434,-0.035,-3.5E-11,-1.16667E-11,-3.26667E-10,-4.77796E-10,
summer,GravPit,,Litter,NW,NA,-2.32028,0.9,4.909,2,1.111,-0.28,-2.8E-10,-9.33333E-11,-2.61333E-09,-4.789E-10,
summer,GravPit,,Litter,NW,NA,-2.32028,1.13,4.909,2,1.77,-0.223,-2.23E-10,-7.43333E-11,-2.08133E-09,-4.789E-10,
fall,GravPit,,Litter,1,NA,-2.2335848,0.92,4.909,2,13.043,-0.274,-2.74E-10,-9.13333E-11,-2.55733E-09,-4.78968E-10,
summer,BiscBas,,Litter,8,NA,-2.416664,1.07,4.909,2,-1.869158879,-0.236,-2.36E-10,-7.86667E-11,-2.20267E-09,-4.80764E-10,
summer,FounEast,,Soil,SE,NA,-2.4289368,6.68,4.909,2,22.006,-0.038,-3.8E-11,-1.26667E-11,-3.54667E-10,-4.83206E-10,
summer,FounEast,,Litter,7,NA,-2.456704,0.69,4.909,2,4.348,-0.372,-3.72E-10,-1.24E-10,-3.472E-09,-4.8873E-10,
summer,GravPit,,Litter,SE,NA,-2.383744,1.03,4.909,2,1.942,-0.251,-2.51E-10,-8.36667E-11,-2.34267E-09,-4.91998E-10,
summer,GravPit,,Soil,SW,NA,-2.3945848,7.66,4.909,2,1.567,-0.034,-3.4E-11,-1.13333E-11,-3.17333E-10,-4.94236E-10,
fall,FounEast,,Wood,5,NA,-2.397892,1.23,4.909,2,231.707,-0.212,-2.12E-10,-7.06667E-11,-1.97867E-09,-4.94918E-10,
fall,GravPit,,Wood,5,NA,-2.308236,2.06,4.909,2,9.709,-0.126,-1.26E-10,-4.2E-11,-1.176E-09,-4.94976E-10,
fall,GibFalls,,Litter,5,NA,-1.5576408,1.01,4.909,2,13.861,-0.174,-1.74E-10,-5.8E-11,-1.624E-09,-3.34018E-10,
fall,FounEast,,Wood,7,NA,-2.431484,1.83,4.909,2,159.563,-0.144,-1.44E-10,-4.8E-11,-1.344E-09,-5.01852E-10,
fall,GravPit,,Soil,2,NA,-2.3662392,12.24,4.909,2,2.206,-0.022,-2.2E-11,-7.33333E-12,-2.05333E-10,-5.07414E-10,
summer,BiscBas,,Soil,SE,NA,-2.5730568,5.41,4.909,2,4.436,-0.05,-5E-11,-1.66667E-11,-4.66667E-10,-5.11878E-10,
fall,BiscBas,,Litter,1,NA,-2.7616528,1.04,4.909,2,10.577,-0.259,-2.59E-10,-8.63333E-11,-2.41733E-09,-5.12358E-10,
fall,FounEast,,Wood,4,NA,-2.487732,0.79,4.909,2,54.43,-0.342,-3.42E-10,-1.14E-10,-3.192E-09,-5.13462E-10,
fall,FirLopSo,,Litter,8,NA,-2.8253568,0.9,4.909,2,8.889,-0.303,-3.03E-10,-1.01E-10,-2.828E-09,-5.18352E-10,
summer,GravPit,,Soil,7,NA,-2.5115608,7.19,4.909,2,2.503,-0.038,-3.8E-11,-1.26667E-11,-3.54667E-10,-5.1838E-10,
summer,GravPit,,Soil,6,NA,-2.5237848,5.43,4.909,2,1.473,-0.05,-5E-11,-1.66667E-11,-4.66667E-10,-5.20902E-10,
fall,GravPit,,Litter,5,NA,-2.4353928,1.08,4.909,2,11.111,-0.254,-2.54E-10,-8.46667E-11,-2.37067E-09,-5.22244E-10,
fall,FounEast,,Wood,8,NA,-2.532332,1.13,4.909,2,223.009,-0.243,-2.43E-10,-8.1E-11,-2.268E-09,-5.22666E-10,
summer,GibFalls,,Soil,7,NA,-2.6929528,10.18,4.909,2,0.786,-0.027,-2.7E-11,-9E-12,-2.52E-10,-5.23124E-10,
fall,FounEast,,Soil,1,NA,-2.5466152,3.87,4.909,2,12.92,-0.071,-7.1E-11,-2.36667E-11,-6.62667E-10,-5.25614E-10,
fall,BiscBas,,Litter,7,NA,-2.8593008,1.11,4.909,2,13.514,-0.251,-2.51E-10,-8.36667E-11,-2.34267E-09,-5.30474E-10,
summer,GibFalls,,Soil,8,NA,-2.7427848,8.14,4.909,2,0.86,-0.034,-3.4E-11,-1.13333E-11,-3.17333E-10,-5.32804E-10,
fall,FounEast,,Wood,1,NA,-2.58258,1.07,4.909,2,70.093,-0.262,-2.62E-10,-8.73333E-11,-2.44533E-09,-5.33038E-10,
summer,GravPit,,Wood,9,NA,-2.5935768,1.68,4.909,2,0,-0.168,-1.68E-10,-5.6E-11,-1.568E-09,-5.35308E-10,
fall,GibFalls,,Soil,7,NA,-2.5023752,10.06,4.909,2,2.584,-0.028,-2.8E-11,-9.33333E-12,-2.61333E-10,-5.36606E-10,
fall,GibFalls,,Litter,2,NA,-1.7280888,1.03,4.909,2,8.738,-0.189,-1.89E-10,-6.3E-11,-1.764E-09,-3.7057E-10,
fall,GravPit,,Wood,2,NA,-2.522444,1.66,4.909,2,9.036,-0.171,-1.71E-10,-5.7E-11,-1.596E-09,-5.4091E-10,
fall,GibFalls,,Litter,8,NA,-2.0509288,1.12,4.909,2,12.5,-0.206,-2.06E-10,-6.86667E-11,-1.92267E-09,-4.39798E-10,
summer,FirLopSo,,Wood,SW,NA,-2.6841328,1.43,4.909,2,-0.699,-0.201,-2.01E-10,-6.7E-11,-1.876E-09,-5.47158E-10,
fall,GibFalls,,Litter,7,NA,-2.0798728,0.9,4.909,2,8.889,-0.261,-2.61E-10,-8.7E-11,-2.436E-09,-4.46006E-10,
fall,GibFalls,,Litter,6,NA,-2.1179848,1.04,4.909,2,12.5,-0.23,-2.3E-10,-7.66667E-11,-2.14667E-09,-4.54178E-10,
fall,BiscBas,,Wood,4,NA,-2.96992,1.05,4.909,2,111.429,-0.276,-2.76E-10,-9.2E-11,-2.576E-09,-5.50996E-10,
summer,GravPit,,Litter,SW,NA,-2.683992,0.85,4.909,2,0,-0.343,-3.43E-10,-1.14333E-10,-3.20133E-09,-5.5397E-10,
fall,FirLopSo,,Litter,5,NA,-3.0344448,0.86,4.909,2,10.465,-0.34,-3.4E-10,-1.13333E-10,-3.17333E-09,-5.56712E-10,
fall,FirLopSo,,Wood,1,NA,-3.043096,1.75,4.909,2,7.429,-0.168,-1.68E-10,-5.6E-11,-1.568E-09,-5.583E-10,
fall,BiscBas,,Litter,3,NA,-3.0155968,1.14,4.909,2,16.667,-0.258,-2.58E-10,-8.6E-11,-2.408E-09,-5.59472E-10,
fall,FirLopSo,,Wood,8,NA,-3.055624,1.19,4.909,2,94.118,-0.248,-2.48E-10,-8.26667E-11,-2.31467E-09,-5.60598E-10,
summer,BiscBas,,Soil,9,NA,-2.8197848,10.39,4.909,2,0.866,-0.028,-2.8E-11,-9.33333E-12,-2.61333E-10,-5.6096E-10,
summer,BiscBas,,Litter,SE,NA,-2.821528,1.54,4.909,2,1.299,-0.192,-1.92E-10,-6.4E-11,-1.792E-09,-5.61308E-10,
fall,GravPit,,Litter,6,NA,-2.6301128,0.85,4.909,2,9.412,-0.349,-3.49E-10,-1.16333E-10,-3.25733E-09,-5.63998E-10,
fall,GibFalls,,Litter,4,NA,-2.3245768,0.97,4.909,2,17.526,-0.27,-2.7E-10,-9E-11,-2.52E-09,-4.9848E-10,
fall,GravPit,,Litter,7,NA,-2.6580648,0.84,4.909,2,9.524,-0.357,-3.57E-10,-1.19E-10,-3.332E-09,-5.69992E-10,
summer,GravPit,,Litter,7,NA,-2.770152,1.4,4.909,2,2.143,-0.215,-2.15E-10,-7.16667E-11,-2.00667E-09,-5.71752E-10,
summer,GibFalls,,Soil,9,NA,-2.9517528,8.18,4.909,2,0.978,-0.037,-3.7E-11,-1.23333E-11,-3.45333E-10,-5.73396E-10,
summer,BiscBas,,Soil,7,NA,-2.8876888,9.36,4.909,2,1.175,-0.032,-3.2E-11,-1.06667E-11,-2.98667E-10,-5.7447E-10,
fall,FounEast,,Wood,3,NA,-2.786468,1.23,4.909,2,219.512,-0.246,-2.46E-10,-8.2E-11,-2.296E-09,-5.7512E-10,
summer,GravPit,,Litter,9,NA,-2.795096,1.03,4.909,2,1.942,-0.294,-2.94E-10,-9.8E-11,-2.744E-09,-5.769E-10,
summer,FirLopSo,,Wood,SE,NA,-2.8337888,1.32,4.909,2,-2.273,-0.23,-2.3E-10,-7.66667E-11,-2.14667E-09,-5.77666E-10,
fall,GibFalls,,Wood,3,NA,-2.694396,1.94,4.909,2,9.794,-0.157,-1.57E-10,-5.23333E-11,-1.46533E-09,-5.77784E-10,
fall,GibFalls,,Soil,1,NA,-2.7001752,5.19,4.909,2,7.707,-0.059,-5.9E-11,-1.96667E-11,-5.50667E-10,-5.79022E-10,
fall,FounEast,,Soil,4,NA,-2.8135832,5.81,4.909,2,10.499,-0.053,-5.3E-11,-1.76667E-11,-4.94667E-10,-5.80716E-10,
summer,GravPit,,Litter,6,NA,-2.823088,0.94,4.909,2,1.064,-0.326,-3.26E-10,-1.08667E-10,-3.04267E-09,-5.82678E-10,
fall,BiscBas,,Wood,5,NA,-3.15112,1.43,4.909,2,226.573,-0.215,-2.15E-10,-7.16667E-11,-2.00667E-09,-5.84614E-10,
fall,GibFalls,,Soil,6,NA,-2.7366712,11.73,4.909,2,3.581,-0.026,-2.6E-11,-8.66667E-12,-2.42667E-10,-5.86848E-10,
fall,FirLopSo,,Litter,1,NA,-3.2323568,1.31,4.909,2,3.817,-0.238,-2.38E-10,-7.93333E-11,-2.22133E-09,-5.93022E-10,
fall,BiscBas,,Litter,4,NA,-3.1979648,0.77,4.909,2,10.39,-0.405,-4.05E-10,-1.35E-10,-3.78E-09,-5.93306E-10,
summer,FirLopSo,,Wood,7,NA,-2.9106048,2.13,4.909,2,0,-0.146,-1.46E-10,-4.86667E-11,-1.36267E-09,-5.93324E-10,
fall,GravPit,,Wood,7,NA,-2.778084,0.98,4.909,2,41.837,-0.32,-3.2E-10,-1.06667E-10,-2.98667E-09,-5.9573E-10,
summer,GibFalls,,Soil,6,NA,-3.1012088,9.16,4.909,2,2.183,-0.035,-3.5E-11,-1.16667E-11,-3.26667E-10,-6.0243E-10,
fall,BiscBas,,Wood,3,NA,-3.252024,1.94,4.909,2,44.845,-0.163,-1.63E-10,-5.43333E-11,-1.52133E-09,-6.03334E-10,
fall,FirLopSo,,Wood,2,NA,-3.294224,1.3,4.909,2,26.923,-0.244,-2.44E-10,-8.13333E-11,-2.27733E-09,-6.04372E-10,
fall,FirLopSo,,Litter,2,NA,-3.3035168,0.73,4.909,2,9.589,-0.436,-4.36E-10,-1.45333E-10,-4.06933E-09,-6.06078E-10,
summer,FirLopSo,,Wood,NE,NA,-2.9761968,2.09,4.909,2,-0.478,-0.153,-1.53E-10,-5.1E-11,-1.428E-09,-6.06696E-10,
fall,BiscBas,,Wood,7,NA,-3.27172,1.3,4.909,2,58.462,-0.245,-2.45E-10,-8.16667E-11,-2.28667E-09,-6.06988E-10,
fall,FounEast,,Litter,4,NA,-2.9424328,0.91,4.909,2,14.286,-0.351,-3.51E-10,-1.17E-10,-3.276E-09,-6.0731E-10,
fall,FirLopSo,,Wood,5,NA,-3.313136,1.1,4.909,2,153.636,-0.291,-2.91E-10,-9.7E-11,-2.716E-09,-6.07842E-10,
fall,GravPit,,Soil,7,NA,-2.8364792,7.2,4.909,2,12.5,-0.044,-4.4E-11,-1.46667E-11,-4.10667E-10,-6.08252E-10,
fall,BiscBas,,Litter,8,NA,-3.2795728,0.7,4.909,2,10.429,-0.457,-4.57E-10,-1.52333E-10,-4.26533E-09,-6.08446E-10,
fall,BiscBas,,Soil,7,NA,-3.2890192,7.73,4.909,2,3.493,-0.041,-4.1E-11,-1.36667E-11,-3.82667E-10,-6.10198E-10,
fall,BiscBas,,Wood,1,NA,-3.294904,1.63,4.909,2,10.429,-0.197,-1.97E-10,-6.56667E-11,-1.83867E-09,-6.1129E-10,
fall,BiscBas,,Litter,6,NA,-3.3253008,0.75,4.909,2,12,-0.432,-4.32E-10,-1.44E-10,-4.032E-09,-6.1693E-10,
fall,FirLopSo,,Litter,4,NA,-3.3643648,0.71,4.909,2,7.042,-0.457,-4.57E-10,-1.52333E-10,-4.26533E-09,-6.17242E-10,
fall,FirLopSo,,Litter,7,NA,-3.3692768,0.78,4.909,2,8.974,-0.417,-4.17E-10,-1.39E-10,-3.892E-09,-6.18142E-10,
summer,FirLopSo,,Soil,9,NA,-3.0398448,10.63,4.909,2,2.258,-0.031,-3.1E-11,-1.03333E-11,-2.89333E-10,-6.1967E-10,
summer,FirLopSo,,Wood,6,NA,-3.0404528,2.07,4.909,2,-1.932,-0.157,-1.57E-10,-5.23333E-11,-1.46533E-09,-6.19794E-10,
fall,GravPit,,Litter,8,NA,-2.9018488,1.02,4.909,2,7.843,-0.321,-3.21E-10,-1.07E-10,-2.996E-09,-6.2227E-10,
fall,BiscBas,,Soil,8,NA,-3.3621952,9.33,4.909,2,2.144,-0.035,-3.5E-11,-1.16667E-11,-3.26667E-10,-6.23774E-10,
fall,GibFalls,,Soil,3,NA,-2.9167992,10.77,4.909,2,1.857,-0.031,-3.1E-11,-1.03333E-11,-2.89333E-10,-6.25476E-10,
fall,GravPit,,Soil,1,NA,-2.9234952,10.47,4.909,2,7.832,-0.031,-3.1E-11,-1.03333E-11,-2.89333E-10,-6.26912E-10,
fall,FirLopSo,,Litter,6,NA,-3.4195808,1.19,4.909,2,13.445,-0.277,-2.77E-10,-9.23333E-11,-2.58533E-09,-6.27372E-10,
fall,FirLopSo,,Wood,6,NA,-3.422704,2.27,4.909,2,11.894,-0.145,-1.45E-10,-4.83333E-11,-1.35333E-09,-6.27944E-10,
fall,FirLopSo,,Litter,3,NA,-3.4233008,1.28,4.909,2,11.719,-0.258,-2.58E-10,-8.6E-11,-2.408E-09,-6.28054E-10,
fall,BiscBas,,Litter,2,NA,-3.3881168,0.62,4.909,2,11.29,-0.533,-5.33E-10,-1.77667E-10,-4.97467E-09,-6.28584E-10,
fall,GravPit,,Soil,3,NA,-2.9388792,4.54,4.909,2,5.507,-0.073,-7.3E-11,-2.43333E-11,-6.81333E-10,-6.3021E-10,
fall,GravPit,,Litter,2,NA,-2.9402488,1.18,4.909,2,10.169,-0.281,-2.81E-10,-9.36667E-11,-2.62267E-09,-6.30504E-10,
fall,GibFalls,,Soil,8,NA,-2.9449032,12.98,4.909,2,5.547,-0.026,-2.6E-11,-8.66667E-12,-2.42667E-10,-6.31502E-10,
fall,GravPit,,Wood,8,NA,-2.945068,1.76,4.909,2,9.659,-0.189,-1.89E-10,-6.3E-11,-1.764E-09,-6.31538E-10,
fall,FounEast,,Litter,5,NA,-3.0657288,1,4.909,2,24,-0.333,-3.33E-10,-1.11E-10,-3.108E-09,-6.32758E-10,
summer,FirLopSo,,Wood,9,NA,-3.1059168,2.3,4.909,2,0,-0.145,-1.45E-10,-4.83333E-11,-1.35333E-09,-6.3314E-10,
fall,FounEast,,Soil,3,NA,-3.0785752,7.94,4.909,2,10.327,-0.042,-4.2E-11,-1.4E-11,-3.92E-10,-6.3541E-10,
fall,GravPit,,Soil,5,NA,-2.9660792,6.09,4.909,2,4.598,-0.055,-5.5E-11,-1.83333E-11,-5.13333E-10,-6.36042E-10,
fall,BiscBas,,Wood,2,NA,-3.431088,2.43,4.909,2,94.239,-0.138,-1.38E-10,-4.6E-11,-1.288E-09,-6.36556E-10,
fall,FirLopSo,,Soil,8,NA,-3.4718912,13.58,4.909,2,6.48,-0.025,-2.5E-11,-8.33333E-12,-2.33333E-10,-6.36968E-10,
summer,FirLopSo,,Wood,8,NA,-3.1322208,2.05,4.909,2,-1.463,-0.164,-1.64E-10,-5.46667E-11,-1.53067E-09,-6.38502E-10,
summer,FirLopSo,,Litter,6,NA,-3.157524,0.86,4.909,2,-3.488,-0.393,-3.93E-10,-1.31E-10,-3.668E-09,-6.4366E-10,
fall,BiscBas,,Wood,8,NA,-3.47252,1.33,4.909,2,263.91,-0.255,-2.55E-10,-8.5E-11,-2.38E-09,-6.44242E-10,
fall,FirLopSo,,Soil,2,NA,-3.5213632,6.41,4.909,2,5.304,-0.053,-5.3E-11,-1.76667E-11,-4.94667E-10,-6.46044E-10,
summer,FirLopSo,,Wood,NW,NA,-3.1695488,1.72,4.909,2,-2.326,-0.197,-1.97E-10,-6.56667E-11,-1.83867E-09,-6.4611E-10,
fall,BiscBas,,Soil,3,NA,-3.4881072,6.85,4.909,2,2.92,-0.05,-5E-11,-1.66667E-11,-4.66667E-10,-6.47134E-10,
fall,BiscBas,,Litter,5,NA,-3.5074768,1.19,4.909,2,10.084,-0.287,-2.87E-10,-9.56667E-11,-2.67867E-09,-6.50728E-10,
fall,FirLopSo,,Soil,1,NA,-3.5570272,12.66,4.909,2,2.291,-0.027,-2.7E-11,-9E-12,-2.52E-10,-6.52588E-10,
fall,GravPit,,Soil,4,NA,-3.0530392,9.57,4.909,2,4.911,-0.036,-3.6E-11,-1.2E-11,-3.36E-10,-6.5469E-10,
fall,FirLopSo,,Soil,4,NA,-3.5882752,6.39,4.909,2,5.164,-0.054,-5.4E-11,-1.8E-11,-5.04E-10,-6.5832E-10,
fall,GibFalls,,Wood,7,NA,-3.076612,2.58,4.909,2,27.907,-0.134,-1.34E-10,-4.46667E-11,-1.25067E-09,-6.59746E-10,
summer,FirLopSo,,Soil,7,NA,-3.2380048,8.11,4.909,2,2.466,-0.043,-4.3E-11,-1.43333E-11,-4.01333E-10,-6.60066E-10,
fall,FirLopSo,,Soil,6,NA,-3.6278112,6.71,4.909,2,14.158,-0.052,-5.2E-11,-1.73333E-11,-4.85333E-10,-6.65574E-10,
fall,FirLopSo,,Wood,4,NA,-3.63,1.21,4.909,2,32.231,-0.289,-2.89E-10,-9.63333E-11,-2.69733E-09,-6.65976E-10,
fall,FirLopSo,,Wood,3,NA,-3.65728,1.41,4.909,2,158.156,-0.25,-2.5E-10,-8.33333E-11,-2.33333E-09,-6.7098E-10,
fall,GravPit,,Soil,6,NA,-3.1313912,2.23,4.909,2,21.525,-0.158,-1.58E-10,-5.26667E-11,-1.47467E-09,-6.71492E-10,
fall,GibFalls,,Soil,4,NA,-3.1412792,11.55,4.909,2,4.675,-0.031,-3.1E-11,-1.03333E-11,-2.89333E-10,-6.73612E-10,
fall,FirLopSo,,Soil,3,NA,-3.6736752,10,4.909,2,5.2,-0.035,-3.5E-11,-1.16667E-11,-3.26667E-10,-6.73988E-10,
fall,BiscBas,,Soil,1,NA,-3.6773152,11.44,4.909,2,2.797,-0.031,-3.1E-11,-1.03333E-11,-2.89333E-10,-6.82236E-10,
fall,BiscBas,,Soil,6,NA,-3.7196912,16.38,4.909,2,3.541,-0.022,-2.2E-11,-7.33333E-12,-2.05333E-10,-6.90098E-10,
summer,FirLopSo,,Litter,NW,NA,-3.387596,1.36,4.909,2,-0.735,-0.267,-2.67E-10,-8.9E-11,-2.492E-09,-6.9056E-10,
fall,FirLopSo,,Wood,7,NA,-3.764224,2.19,4.909,2,13.242,-0.166,-1.66E-10,-5.53333E-11,-1.54933E-09,-6.90602E-10,
fall,BiscBas,,Soil,4,NA,-3.7271552,11.02,4.909,2,2.813,-0.033,-3.3E-11,-1.1E-11,-3.08E-10,-6.91484E-10,
fall,GravPit,,Wood,6,NA,-3.228532,3.23,4.909,2,86.068,-0.113,-1.13E-10,-3.76667E-11,-1.05467E-09,-6.92322E-10,
fall,GravPit,,Wood,4,NA,-3.239084,2.44,4.909,2,52.049,-0.15,-1.5E-10,-5E-11,-1.4E-09,-6.94586E-10,
fall,GibFalls,,Wood,1,NA,-3.2449,1.55,4.909,2,7.742,-0.236,-2.36E-10,-7.86667E-11,-2.20267E-09,-6.95832E-10,
summer,FirLopSo,,Litter,7,NA,-3.417484,1.37,4.909,2,-2.19,-0.267,-2.67E-10,-8.9E-11,-2.492E-09,-6.96652E-10,
fall,FirLopSo,,Soil,7,NA,-3.8040592,12.52,4.909,2,8.546,-0.029,-2.9E-11,-9.66667E-12,-2.70667E-10,-6.9791E-10,
summer,FirLopSo,,Litter,8,NA,-3.447764,1.32,4.909,2,-3.03,-0.28,-2.8E-10,-9.33333E-11,-2.61333E-09,-7.02824E-10,
fall,GravPit,,Soil,8,NA,-3.2831752,12.88,4.909,2,2.717,-0.029,-2.9E-11,-9.66667E-12,-2.70667E-10,-7.0404E-10,
fall,GibFalls,,Wood,8,NA,-3.324084,1.93,4.909,2,9.845,-0.194,-1.94E-10,-6.46667E-11,-1.81067E-09,-7.12812E-10,
fall,BiscBas,,Soil,2,NA,-3.8673872,5.63,4.909,2,3.73,-0.067,-6.7E-11,-2.23333E-11,-6.25333E-10,-7.175E-10,
fall,BiscBas,,Wood,6,NA,-3.925312,0.7,4.909,2,32.857,-0.547,-5.47E-10,-1.82333E-10,-5.10533E-09,-7.28246E-10,
fall,FirLopSo,,Soil,5,NA,-3.9797712,6.66,4.909,2,39.64,-0.058,-5.8E-11,-1.93333E-11,-5.41333E-10,-7.30146E-10,
summer,FirLopSo,,Litter,NE,NA,-3.595116,1.44,4.909,2,-2.083,-0.268,-2.68E-10,-8.93333E-11,-2.50133E-09,-7.32862E-10,
fall,BiscBas,,Soil,5,NA,-3.9797712,4.73,4.909,2,3.805,-0.082,-8.2E-11,-2.73333E-11,-7.65333E-10,-7.3835E-10,
summer,FirLopSo,,Litter,SW,NA,-3.644052,1.48,4.909,2,-0.676,-0.264,-2.64E-10,-8.8E-11,-2.464E-09,-7.42838E-10,
summer,FirLopSo,,Soil,NE,NA,-3.6632848,8.13,4.909,2,2.952,-0.048,-4.8E-11,-1.6E-11,-4.48E-10,-7.46758E-10,
summer,FirLopSo,,Soil,NW,NA,-3.6632848,13.64,4.909,2,0.66,-0.029,-2.9E-11,-9.66667E-12,-2.70667E-10,-7.46758E-10,
summer,FirLopSo,,Soil,8,NA,-3.7806848,9,4.909,2,0.556,-0.045,-4.5E-11,-1.5E-11,-4.2E-10,-7.7069E-10,
summer,Glade,2,endo,3,old,0.685917333,0.83,4.909,2,103.614,0.064,6.4E-11,2.13333E-11,5.97333E-10,1.01123E-10,
summer,Huck,3,endo,3,old,0.434461333,0.85,4.909,2,90.588,0.048,4.8E-11,1.6E-11,4.48E-10,7.79754E-11,
summer,Huck,3,endo,2,old,0.388429333,1.15,4.909,2,86.087,0.032,3.2E-11,1.06667E-11,2.98667E-10,6.97138E-11,
summer,Glade,1,endo,3,old,-0.255770667,0.84,4.909,2,107.143,-0.024,-2.4E-11,-8E-12,-2.24E-10,-3.77074E-11,
summer,Glade,1,endo,1,old,-1.948770667,0.85,4.909,2,101.176,-0.178,-1.78E-10,-5.93333E-11,-1.66133E-09,-2.873E-10,
summer,Huck,3,endo,1,old,-1.629706667,1.54,4.909,2,89.61,-0.1,-1E-10,-3.33333E-11,-9.33333E-10,-2.92494E-10,
summer,Glade,3,endo,3,old,-2.236106667,0.89,4.909,2,98.876,-0.195,-1.95E-10,-6.5E-11,-1.82E-09,-3.29662E-10,
summer,Huck,2,endo,2,old,-1.999962667,1.03,4.909,2,92.233,-0.183,-1.83E-10,-6.1E-11,-1.708E-09,-3.58946E-10,
summer,Glade,3,endo,2,old,-2.725834667,0.91,4.909,2,117.582,-0.232,-2.32E-10,-7.73333E-11,-2.16533E-09,-4.0186E-10,
summer,Glade,3,endo,1,old,-2.733154667,0.99,4.909,2,96.97,-0.214,-2.14E-10,-7.13333E-11,-1.99733E-09,-4.0294E-10,
summer,Huck,2,endo,1,old,-2.317634667,0.86,4.909,2,91.86,-0.254,-2.54E-10,-8.46667E-11,-2.37067E-09,-4.1596E-10,
summer,Glade,2,endo,1,old,-2.850562667,1.11,4.909,2,118.919,-0.199,-1.99E-10,-6.63333E-11,-1.85733E-09,-4.2025E-10,
summer,Glade,2,endo,2,old,-2.968770667,1.19,4.909,2,88.235,-0.193,-1.93E-10,-6.43333E-11,-1.80133E-09,-4.37676E-10,
summer,Berry,1,endo,3,old,-2.333282667,0.59,4.909,2,125.424,-0.39,-3.9E-10,-1.3E-10,-3.64E-09,-4.37804E-10,
summer,Berry,1,endo,2,old,-2.449786667,0.48,4.909,2,112.5,-0.503,-5.03E-10,-1.67667E-10,-4.69467E-09,-4.59664E-10,
summer,Berry,2,endo,1,old,-2.519442667,0.88,4.909,2,122.727,-0.282,-2.82E-10,-9.4E-11,-2.632E-09,-4.72734E-10,
summer,Huck,1,endo,1,old,-2.693826667,1.85,4.909,2,98.919,-0.137,-1.37E-10,-4.56667E-11,-1.27867E-09,-4.83478E-10,
summer,Berry,2,endo,3,old,-2.667586667,0.42,4.909,2,119.048,-0.627,-6.27E-10,-2.09E-10,-5.852E-09,-5.0053E-10,
summer,Glade,1,endo,2,old,-3.437178667,1.17,4.909,2,88.034,-0.228,-2.28E-10,-7.6E-11,-2.128E-09,-5.06732E-10,
summer,Huck,1,endo,2,old,-2.837658667,1.08,4.909,2,96.296,-0.248,-2.48E-10,-8.26667E-11,-2.31467E-09,-5.09292E-10,
summer,Huck,1,endo,3,old,-2.959842667,0.66,4.909,2,89.394,-0.423,-4.23E-10,-1.41E-10,-3.948E-09,-5.3122E-10,
summer,Huck,2,endo,3,old,-3.024258667,1.05,4.909,2,89.524,-0.272,-2.72E-10,-9.06667E-11,-2.53867E-09,-5.42782E-10,
summer,Berry,3,endo,2,old,-2.899498667,0.4,4.909,2,125,-0.715,-7.15E-10,-2.38333E-10,-6.67333E-09,-5.44044E-10,
summer,Berry,2,endo,2,old,-3.000770667,0.51,4.909,2,127.451,-0.58,-5.8E-10,-1.93333E-10,-5.41333E-09,-5.63046E-10,
summer,Berry,3,endo,1,old,-3.058650667,0.72,4.909,2,113.889,-0.419,-4.19E-10,-1.39667E-10,-3.91067E-09,-5.73908E-10,
summer,Berry,3,endo,3,old,-3.308138667,0.36,4.909,2,102.778,-0.906,-9.06E-10,-3.02E-10,-8.456E-09,-6.2072E-10,
summer,Berry,1,endo,1,old,-3.604114667,0.31,4.909,2,125.806,-1.147,-1.147E-09,-3.82333E-10,-1.07053E-08,-6.76254E-10,
summer_wet,FirLopSo,,Lichen,NW,peap,123.4771573,1.45,4.909,2,60.69,8.035,8.035E-09,2.67833E-09,7.49933E-08,8.45394E-09,
summer_wet,GibFalls,,Lichen,6,peca,863.2734453,0.85,4.909,2,125.882,91.833,9.1833E-08,3.0611E-08,8.57108E-07,2.49214E-07,
summer_wet,FounEast,,Lichen,SW,peca,1433.840693,0.76,4.909,2,142.105,172.388,1.72388E-07,5.74627E-08,1.60895E-06,1.48481E-07,
summer_wet,FounEast,,Lichen,SW,peca,1433.840693,1.46,4.909,2,26.027,89.736,8.9736E-08,2.9912E-08,8.37536E-07,9.11044E-08,
summer,FirLopSo,,Lichen,NW,peca,243.0786848,1.97,4.909,2,-0.508,13.223,1.3223E-08,4.40767E-09,1.23415E-07,4.95514E-08,
summer_wet,FounEast,,Lichen,SE,peca,71.63494133,0.26,4.909,2,92.308,25.175,2.5175E-08,8.39167E-09,2.34967E-07,2.21612E-08,
summer_wet,GravPit,,Lichen,NW,peca,518.6485333,1.363,4.909,2,88.555,35.139,3.5139E-08,1.1713E-08,3.27964E-07,1.24508E-08,
summer_wet,GravPit,,Lichen,6,peca,48.12739733,1.165,4.909,2,67.382,3.815,3.815E-09,1.27167E-09,3.56067E-08,5.53026E-09,
summer_wet,GibFalls,,Lichen,SW,peca,6.797789333,0.63,4.909,2,85.714,0.976,9.76E-10,3.25333E-10,9.10933E-09,1.99851E-09,
summer_wet,BiscBas,,Lichen,NE,peca,41.96784533,5.53,4.909,2,17.902,0.679,6.79E-10,2.26333E-10,6.33733E-09,1.57089E-09,
summer_wet,GibFalls,,Lichen,NW,peca,5.567701333,1.42,4.909,2,31.69,0.355,3.55E-10,1.18333E-10,3.31333E-09,8.53614E-10,
summer,GravPit,,Lichen,NE,peca,2.5351288,2.54,4.909,2,0.394,0.108,1.08E-10,3.6E-11,1.008E-09,5.23244E-10,
summer_wet,GravPit,,Lichen,NE,peca,31.48323733,0.875,4.909,2,57.714,3.323,3.323E-09,1.10767E-09,3.10147E-08,3.4788E-10,
summer,BiscBas,,Lichen,8,peca,0.4282808,1.84,4.909,2,0,0.024,2.4E-11,8E-12,2.24E-10,8.5201E-11,
summer,FounEast,,Lichen,NE,peca,-1.0164232,0.52,4.909,2,0,-0.204,-2.04E-10,-6.8E-11,-1.904E-09,-2.02204E-10,
summer,FounEast,,Lichen,9,peca,-1.2985592,0.88,4.909,2,2.273,-0.154,-1.54E-10,-5.13333E-11,-1.43733E-09,-2.58332E-10,
summer,FounEast,,Lichen,6,peca,-1.5619832,0.56,4.909,2,3.571,-0.292,-2.92E-10,-9.73333E-11,-2.72533E-09,-3.10736E-10,
summer,FirLopSo,,Lichen,SE,peca,-1.5489392,1.33,4.909,2,0,-0.125,-1.25E-10,-4.16667E-11,-1.16667E-09,-3.1575E-10,
summer,FounEast,,Lichen,SE,peca,-1.6366472,0.51,4.909,2,1.961,-0.336,-3.36E-10,-1.12E-10,-3.136E-09,-3.2559E-10,
summer,FounEast,,Lichen,8,peca,-1.6419272,0.53,4.909,2,3.774,-0.324,-3.24E-10,-1.08E-10,-3.024E-09,-3.2664E-10,
summer,BiscBas,,Lichen,NE,peca,-1.6701432,0.55,4.909,2,-1.818,-0.318,-3.18E-10,-1.06E-10,-2.968E-09,-3.32254E-10,
summer,GibFalls,,Lichen,NW,peca,-1.7263752,2.32,4.909,2,0.431,-0.076,-7.6E-11,-2.53333E-11,-7.09333E-10,-3.3536E-10,
summer,FounEast,,Lichen,SW,peca,-1.7849912,0.4,4.909,2,10,-0.467,-4.67E-10,-1.55667E-10,-4.35867E-09,-3.55102E-10,
summer,FounEast,,Lichen,7,peca,-1.8411112,0.34,4.909,2,2.941,-0.566,-5.66E-10,-1.88667E-10,-5.28267E-09,-3.66266E-10,
summer,FounEast,,Lichen,NW,peca,-1.8734552,0.3,4.909,2,3.333,-0.653,-6.53E-10,-2.17667E-10,-6.09467E-09,-3.727E-10,
summer,BiscBas,,Lichen,6,peca,-1.9296392,1.204,4.909,2,0.498,-0.168,-1.68E-10,-5.6E-11,-1.568E-09,-3.83878E-10,
summer,GravPit,,Lichen,SW,peca,-1.8824392,1.01,4.909,2,0,-0.202,-2.02E-10,-6.73333E-11,-1.88533E-09,-3.8853E-10,
summer,GibFalls,,Lichen,6,peca,-2.2925752,0.95,4.909,2,1.053,-0.246,-2.46E-10,-8.2E-11,-2.296E-09,-4.45348E-10,
summer,GibFalls,,Lichen,NE,peca,-2.5251512,1.85,4.909,2,0.541,-0.139,-1.39E-10,-4.63333E-11,-1.29733E-09,-4.90526E-10,
summer,GravPit,,Lichen,9,peca,-2.6742472,0.56,4.909,2,1.786,-0.518,-5.18E-10,-1.72667E-10,-4.83467E-09,-5.51958E-10,
summer,FirLopSo,,Lichen,7,peca,-3.2092992,1.02,4.909,2,0,-0.337,-3.37E-10,-1.12333E-10,-3.14533E-09,-6.54214E-10,
fall,FounEast,,Lichen,4,peca,-7.6856072,0.94,4.909,2,11.702,-0.887,-8.87E-10,-2.95667E-10,-8.27867E-09,-1.58629E-09,
fall,FounEast,,Lichen,6,peca,-7.7673752,0.39,4.909,2,30.769,-2.161,-2.161E-09,-7.20333E-10,-2.01693E-08,-1.60317E-09,
fall,FounEast,,Lichen,8,peca,-7.7802712,0.35,4.909,2,77.143,-2.412,-2.412E-09,-8.04E-10,-2.2512E-08,-1.60583E-09,
fall,GravPit,,Lichen,2,peca,-7.5187112,1.31,4.909,2,2.29,-0.647,-6.47E-10,-2.15667E-10,-6.03867E-09,-1.6123E-09,
fall,BiscBas,,Lichen,5,peca,-8.8259792,3.34,4.909,2,6.587,-0.258,-2.58E-10,-8.6E-11,-2.408E-09,-1.63745E-09,
fall,BiscBas,,Lichen,4,peca,-8.8517632,5.02,4.909,2,4.183,-0.172,-1.72E-10,-5.73333E-11,-1.60533E-09,-1.64223E-09,
fall,BiscBas,,Lichen,7,peca,-8.8566352,4.51,4.909,2,3.104,-0.192,-1.92E-10,-6.4E-11,-1.792E-09,-1.64313E-09,
fall,FirLopSo,,Lichen,8,peca,-8.9609712,3.67,4.909,2,8.992,-0.235,-2.35E-10,-7.83333E-11,-2.19333E-09,-1.64402E-09,
fall,BiscBas,,Lichen,3,peca,-8.9024512,3.15,4.909,2,6.667,-0.276,-2.76E-10,-9.2E-11,-2.576E-09,-1.65163E-09,
fall,BiscBas,,Lichen,1,peca,-8.9443712,3.37,4.909,2,3.561,-0.259,-2.59E-10,-8.63333E-11,-2.41733E-09,-1.65941E-09,
fall,GibFalls,,Lichen,6,peca,-7.8433032,2.44,4.909,2,4.098,-0.362,-3.62E-10,-1.20667E-10,-3.37867E-09,-1.68191E-09,
fall,FirLopSo,,Lichen,6,peca,-9.2168192,2.1,4.909,2,11.905,-0.423,-4.23E-10,-1.41E-10,-3.948E-09,-1.69096E-09,
fall,BiscBas,,Lichen,2,peca,-9.2168192,3.33,4.909,2,4.805,-0.27,-2.7E-10,-9E-11,-2.52E-09,-1.70996E-09,
fall,GibFalls,,Lichen,1,peca,-8.0023112,0.82,4.909,2,12.195,-1.1,-1.1E-09,-3.66667E-10,-1.02667E-08,-1.71601E-09,
fall,GibFalls,,Lichen,8,peca,-8.0783672,1.75,4.909,2,6.286,-0.52,-5.2E-10,-1.73333E-10,-4.85333E-09,-1.73232E-09,
fall,FounEast,,Lichen,2,peca,-8.3961592,0.99,4.909,2,12.121,-0.92,-9.2E-10,-3.06667E-10,-8.58667E-09,-1.73295E-09,
fall,GibFalls,,Lichen,4,peca,-8.1188632,2.94,4.909,2,2.041,-0.311,-3.11E-10,-1.03667E-10,-2.90267E-09,-1.741E-09,
fall,GibFalls,,Lichen,3,peca,-8.2826952,3.73,4.909,2,2.145,-0.25,-2.5E-10,-8.33333E-11,-2.33333E-09,-1.77613E-09,
fall,GravPit,,Lichen,1,peca,-8.5466792,2.83,4.909,2,20.495,-0.34,-3.4E-10,-1.13333E-10,-3.17333E-09,-1.83274E-09,
fall,GibFalls,,Lichen,5,peca/clafri,-7.9467752,2.82,4.909,2,6.028,-0.318,-3.18E-10,-1.06E-10,-2.968E-09,-1.7041E-09,
fall,GibFalls,,Lichen,7,peca/clafri,-8.3671032,2.46,4.909,2,10.569,-0.383,-3.83E-10,-1.27667E-10,-3.57467E-09,-1.79423E-09,
summer_wet,FounEast,,Moss,NE,pleuro,2.00151,0.119,4.909,2,84.874,1.537,1.537E-09,5.12333E-10,1.43453E-08,1.76558E-08,
summer,GibFalls,,Moss,SW,pleuro,34.502052,0.93,4.909,2,3.226,3.789,3.789E-09,1.263E-09,3.5364E-08,6.70224E-09,
summer_wet,FounEast,,Moss,NW,pleuro,11.498374,1.175,4.909,2,67.66,0.894,8.94E-10,2.98E-10,8.344E-09,1.27038E-09,
summer,BiscBas,,Moss,NE,pleuro,1.986044,1.75,4.909,2,0,0.119,1.19E-10,3.96667E-11,1.11067E-09,3.95098E-10,
summer_wet,FounEast,,Moss,NE,pleuro,2.00151,0.119,4.909,2,84.874,1.537,1.537E-09,5.12333E-10,1.43453E-08,3.4788E-10,
summer_wet,FounEast,,Moss,SW,pleuro,0.417534,0.544,4.909,2,34.191,0.07,7E-11,2.33333E-11,6.53333E-10,2.54568E-10,
summer_wet,BiscBas,,Moss,NW,pleuro,-0.880642,-1.09,4.909,2,-256.881,0.072,7.2E-11,2.4E-11,6.72E-10,7.2571E-11,
fall,FounEast,,Moss,1,pleuro,0.2388024,0.47,4.909,2,70.213,0.055,5.5E-11,1.83333E-11,5.13333E-10,4.92882E-11,
summer,BiscBas,,Moss,SE,pleuro,0.238612,4.1,4.909,2,0,0.006,6E-12,2E-12,5.6E-11,4.74688E-11,
summer,GibFalls,,Moss,NE,pleuro,-0.284868,0.94,4.909,2,0,-0.031,-3.1E-11,-1.03333E-11,-2.89333E-10,-5.53374E-11,
fall,FounEast,,Moss,4,pleuro,-1.2670376,1.97,4.909,2,10.152,-0.07,-7E-11,-2.33333E-11,-6.53333E-10,-2.61514E-10,
fall,FounEast,,Moss,5,pleuro,-1.4380776,0.54,4.909,2,64.815,-0.289,-2.89E-10,-9.63333E-11,-2.69733E-09,-2.96816E-10,
summer,FounEast,,Moss,7,pleuro,-1.819748,0.04,4.909,2,25,-4.758,-4.758E-09,-1.586E-09,-4.4408E-08,-3.62016E-10,
fall,FounEast,,Moss,7,pleuro,-2.0514056,1.44,4.909,2,18.056,-0.155,-1.55E-10,-5.16667E-11,-1.44667E-09,-4.23404E-10,
summer,FounEast,,Moss,NW,pleuro,-2.154268,0.33,4.909,2,0,-0.683,-6.83E-10,-2.27667E-10,-6.37467E-09,-4.28564E-10,
summer,GibFalls,,Moss,NW,pleuro,-2.292036,3.39,4.909,2,0.295,-0.069,-6.9E-11,-2.3E-11,-6.44E-10,-4.45242E-10,
summer,FounEast,,Moss,6,pleuro,-2.24554,0.58,4.909,2,6.897,-0.405,-4.05E-10,-1.35E-10,-3.78E-09,-4.46722E-10,
summer,FounEast,,Moss,8,pleuro,-2.317244,0.28,4.909,2,-3.571,-0.866,-8.66E-10,-2.88667E-10,-8.08267E-09,-4.60986E-10,
fall,FounEast,,Moss,8,pleuro,-2.2884376,0.77,4.909,2,83.117,-0.322,-3.22E-10,-1.07333E-10,-3.00533E-09,-4.72328E-10,
summer,FounEast,,Moss,SE,pleuro,-2.378884,0.1,4.909,2,0,-2.488,-2.488E-09,-8.29333E-10,-2.32213E-08,-4.73248E-10,
summer,GibFalls,,Moss,SE,pleuro,-2.526916,1.996,4.909,2,0.701,-0.129,-1.29E-10,-4.3E-11,-1.204E-09,-4.9087E-10,
summer,GibFalls,,Moss,6,pleuro,-2.621804,0.65,4.909,2,3.077,-0.412,-4.12E-10,-1.37333E-10,-3.84533E-09,-5.09302E-10,
fall,FounEast,,Moss,6,pleuro,-2.6323496,0.54,4.909,2,35.185,-0.529,-5.29E-10,-1.76333E-10,-4.93733E-09,-5.4331E-10,
summer,GravPit,,Moss,9,pleuro,-2.970084,1.08,4.909,2,0,-0.298,-2.98E-10,-9.93333E-11,-2.78133E-09,-6.13018E-10,
summer_wet,FounEast,,Moss,SE,poju,7.309086,0.837,4.909,2,38.59,0.798,7.98E-10,2.66E-10,7.448E-09,7.14396E-09,
summer,GravPit,,Moss,SW,poju,13.911332,0.51,4.909,2,-1.961,2.96,2.96E-09,9.86667E-10,2.76267E-08,2.87126E-09,
fall,FirLopSo,,Moss,2,poju,6.2400464,4.9,4.909,2,1.429,0.123,1.23E-10,4.1E-11,1.148E-09,1.14483E-09,
summer_wet,GibFalls,,Moss,NW,poju,10.866174,3.907,4.909,2,11.083,0.251,2.51E-10,8.36667E-11,2.34267E-09,1.08677E-09,
summer_wet,FirLopSo,,Moss,SE,poju,98.374254,7.7,4.909,2,19.74,1.205,1.205E-09,4.01667E-10,1.12467E-08,9.61278E-10,
fall,BiscBas,,Moss,2,poju,4.7846144,4.72,4.909,2,2.331,0.099,9.9E-11,3.3E-11,9.24E-10,8.8767E-10,
summer_wet,GibFalls,,Moss,SW,poju,0.502654,0.346,4.909,2,35.838,0.131,1.31E-10,4.36667E-11,1.22267E-09,6.91488E-10,
fall,GibFalls,,Moss,1,poju,1.9374584,4.14,4.909,2,24.879,0.053,5.3E-11,1.76667E-11,4.94667E-10,4.15466E-10,
summer_wet,GravPit,,Moss,6,poju,1.407438,1.21,4.909,2,60.331,0.107,1.07E-10,3.56667E-11,9.98667E-10,2.5669E-10,
summer_wet,FirLopSo,,Moss,NW,poju,2.41767,1.95,4.909,2,25.128,0.117,1.17E-10,3.9E-11,1.092E-09,2.47226E-10,
summer_wet,GravPit,,Moss,NE,poju,0.401966,2.544,4.909,2,43.475,0.015,1.5E-11,5E-12,1.4E-10,2.05016E-10,
summer_wet,GravPit,,Moss,SW,poju,0.130966,0.461,4.909,2,97.397,0.026,2.6E-11,8.66667E-12,2.42667E-10,9.07112E-11,
summer_wet,GravPit,,Moss,SW,poju,0.130966,0.49,4.909,2,65.306,0.025,2.5E-11,8.33333E-12,2.33333E-10,6.22664E-11,
fall,BiscBas,,Moss,3,poju,0.2054544,4.08,4.909,2,19.608,0.005,5E-12,1.66667E-12,4.66667E-11,3.8117E-11,
fall,FirLopSo,,Moss,1,poju,-0.0006576,6.07,4.909,2,2.965,0,0,0,0,-1.20646E-13,
summer_wet,BiscBas,,Moss,NE,poju,0.232286,3.5,4.909,2,17.143,0.006,6E-12,2E-12,5.6E-11,-7.49942E-12,
summer_wet,BiscBas,,Moss,6,poju,-0.289426,1.66,4.909,2,19.88,-0.016,-1.6E-11,-5.33333E-12,-1.49333E-10,-3.20458E-11,
summer_wet,FirLopSo,,Moss,NE,poju,-0.64785,4.15,4.909,2,20.241,-0.015,-1.5E-11,-5E-12,-1.4E-10,-4.92674E-11,
summer_wet,GibFalls,,Moss,6,poju,-0.571858,2.54,4.909,2,12.598,-0.02,-2E-11,-6.66667E-12,-1.86667E-10,-6.3475E-11,
summer_wet,GibFalls,,Moss,SE,poju,-0.147514,3.967,4.909,2,13.688,-0.003,-3E-12,-1E-12,-2.8E-11,-7.4601E-11,
summer,BiscBas,,Moss,SW,poju,-0.379964,2.8,4.909,2,0,-0.014,-1.4E-11,-4.66667E-12,-1.30667E-10,-7.5589E-11,
fall,GravPit,,Moss,4,poju,-0.3929816,2.73,4.909,2,16.117,-0.016,-1.6E-11,-5.33333E-12,-1.49333E-10,-8.42706E-11,
summer,FounEast,,Moss,NE,poju,-0.554756,1.69,4.909,2,-73.964,-0.034,-3.4E-11,-1.13333E-11,-3.17333E-10,-1.10362E-10,
summer_wet,BiscBas,,Moss,SW,poju,-0.37289,1.61,4.909,2,23.602,-0.021,-2.1E-11,-7E-12,-1.96E-10,-1.29503E-10,
summer_wet,GibFalls,,Moss,NE,poju,2.107766,2.59,4.909,2,33.205,0.074,7.4E-11,2.46667E-11,6.90667E-10,-1.49907E-10,
summer,BiscBas,,Moss,NW,poju,-0.776916,2.24,4.909,2,0,-0.036,-3.6E-11,-1.2E-11,-3.36E-10,-1.54558E-10,
summer_wet,GravPit,,Moss,NW,poju,-0.400746,0.58,4.909,2,86.207,-0.064,-6.4E-11,-2.13333E-11,-5.97333E-10,-2.55638E-10,
summer_wet,FounEast,,Moss,6,poju,-0.839522,0.533,4.909,2,164.54,-0.144,-1.44E-10,-4.8E-11,-1.344E-09,-2.62334E-10,
fall,GibFalls,,Moss,2,poju,-1.3218456,4.04,4.909,2,28.713,-0.037,-3.7E-11,-1.23333E-11,-3.45333E-10,-2.83456E-10,
summer_wet,FirLopSo,,Moss,6,poju,-1.235802,2.34,4.909,2,47.863,-0.05,-5E-11,-1.66667E-11,-4.66667E-10,-2.92196E-10,
summer_wet,BiscBas,,Moss,SE,poju,-0.760778,3.17,4.909,2,26.498,-0.021,-2.1E-11,-7E-12,-1.96E-10,-3.04648E-10,
fall,GravPit,,Moss,5,poju,-1.6855896,2.21,4.909,2,2.715,-0.086,-8.6E-11,-2.86667E-11,-8.02667E-10,-3.61456E-10,
fall,GravPit,,Moss,3,poju,-1.8653736,3.09,4.909,2,0,-0.068,-6.8E-11,-2.26667E-11,-6.34667E-10,-4.00008E-10,
fall,FounEast,,Moss,3,poju,-1.9850856,3.2,4.909,2,5.937,-0.067,-6.7E-11,-2.23333E-11,-6.25333E-10,-4.09716E-10,
fall,GravPit,,Moss,6,poju,-1.9125976,6.48,4.909,2,0.617,-0.033,-3.3E-11,-1.1E-11,-3.08E-10,-4.10136E-10,
fall,GravPit,,Moss,7,poju,-1.9171976,4.11,4.909,2,3.65,-0.053,-5.3E-11,-1.76667E-11,-4.94667E-10,-4.11122E-10,
fall,FounEast,,Moss,2,poju,-2.0402616,2.13,4.909,2,13.146,-0.104,-1.04E-10,-3.46667E-11,-9.70667E-10,-4.21104E-10,
fall,FirLopSo,,Moss,6,poju,-2.3394096,5.03,4.909,2,12.326,-0.045,-4.5E-11,-1.5E-11,-4.2E-10,-4.29198E-10,
fall,GibFalls,,Moss,8,poju,-2.1469016,1.6,4.909,2,3.75,-0.151,-1.51E-10,-5.03333E-11,-1.40933E-09,-4.6038E-10,
summer,BiscBas,,Moss,7,poju,-2.3913,2.83,4.909,2,0,-0.088,-8.8E-11,-2.93333E-11,-8.21333E-10,-4.75718E-10,
fall,BiscBas,,Moss,8,poju,-2.5746016,4.29,4.909,2,3.963,-0.059,-5.9E-11,-1.96667E-11,-5.50667E-10,-4.77656E-10,
fall,GravPit,,Moss,2,poju,-2.2580696,2.23,4.909,2,0,-0.114,-1.14E-10,-3.8E-11,-1.064E-09,-4.84218E-10,
fall,BiscBas,,Moss,1,poju,-2.6170256,3.04,4.909,2,4.276,-0.084,-8.4E-11,-2.8E-11,-7.84E-10,-4.85526E-10,
fall,FirLopSo,,Moss,3,poju,-2.7965936,7.54,4.909,2,8.488,-0.036,-3.6E-11,-1.2E-11,-3.36E-10,-5.13076E-10,
summer,GravPit,,Moss,NE,poju,-2.52134,1.31,4.909,2,0,-0.209,-2.09E-10,-6.96667E-11,-1.95067E-09,-5.20398E-10,
summer,FirLopSo,,Moss,SW,poju,-2.609552,4.88,4.909,2,0,-0.057,-5.7E-11,-1.9E-11,-5.32E-10,-5.31956E-10,
summer,GravPit,,Moss,7,poju,-2.62938,3.79,4.909,2,0,-0.075,-7.5E-11,-2.5E-11,-7E-10,-5.42698E-10,
summer,GravPit,,Moss,6,poju,-2.629404,3.05,4.909,2,0.328,-0.094,-9.4E-11,-3.13333E-11,-8.77333E-10,-5.42702E-10,
summer,GravPit,,Moss,SE,poju,-2.641332,1.11,4.909,2,0.901,-0.258,-2.58E-10,-8.6E-11,-2.408E-09,-5.45164E-10,
fall,GibFalls,,Moss,7,poju,-2.5479816,3.88,4.909,2,4.897,-0.074,-7.4E-11,-2.46667E-11,-6.90667E-10,-5.46386E-10,
fall,GravPit,,Moss,8,poju,-2.5552216,2.57,4.909,2,1.556,-0.112,-1.12E-10,-3.73333E-11,-1.04533E-09,-5.47938E-10,
fall,GravPit,,Moss,1,poju,-2.5651976,1.74,4.909,2,34.483,-0.166,-1.66E-10,-5.53333E-11,-1.54933E-09,-5.50078E-10,
summer,BiscBas,,Moss,6,poju,-2.797212,3.11,4.909,2,0,-0.094,-9.4E-11,-3.13333E-11,-8.77333E-10,-5.5647E-10,
fall,FirLopSo,,Moss,5,poju,-3.0680576,4.66,4.909,2,8.155,-0.064,-6.4E-11,-2.13333E-11,-5.97333E-10,-5.6288E-10,
summer,BiscBas,,Moss,8,poju,-2.831916,2.3,4.909,2,0,-0.129,-1.29E-10,-4.3E-11,-1.204E-09,-5.63374E-10,
fall,BiscBas,,Moss,7,poju,-3.0483456,2.08,4.909,2,11.058,-0.143,-1.43E-10,-4.76667E-11,-1.33467E-09,-5.65546E-10,
summer,BiscBas,,Moss,9,poju,-2.889924,1.94,4.909,2,0.515,-0.156,-1.56E-10,-5.2E-11,-1.456E-09,-5.74914E-10,
fall,BiscBas,,Moss,4,poju,-3.1286016,6.75,4.909,2,4,-0.045,-4.5E-11,-1.5E-11,-4.2E-10,-5.80436E-10,
summer,FirLopSo,,Moss,NE,poju,-2.88008,2.82,4.909,2,0.355,-0.109,-1.09E-10,-3.63333E-11,-1.01733E-09,-5.87102E-10,
fall,BiscBas,,Moss,6,poju,-3.1647216,3.47,4.909,2,13.833,-0.089,-8.9E-11,-2.96667E-11,-8.30667E-10,-5.87138E-10,
summer,GravPit,,Moss,8,poju,-2.844876,1.48,4.909,2,0.676,-0.209,-2.09E-10,-6.96667E-11,-1.95067E-09,-5.87176E-10,
fall,FirLopSo,,Moss,8,poju,-3.2190656,5.23,4.909,2,20.841,-0.059,-5.9E-11,-1.96667E-11,-5.50667E-10,-5.90584E-10,
fall,FirLopSo,,Moss,7,poju,-3.2500816,8.06,4.909,2,3.722,-0.039,-3.9E-11,-1.3E-11,-3.64E-10,-5.96274E-10,
fall,FirLopSo,,Moss,4,poju,-3.2907216,3.59,4.909,2,0.557,-0.088,-8.8E-11,-2.93333E-11,-8.21333E-10,-6.0373E-10,
fall,BiscBas,,Moss,5,poju,-3.3336656,1.8,4.909,2,16.111,-0.181,-1.81E-10,-6.03333E-11,-1.68933E-09,-6.18482E-10,
summer,FirLopSo,,Moss,SE,poju,-3.213584,2.81,4.909,2,0.356,-0.123,-1.23E-10,-4.1E-11,-1.148E-09,-6.55088E-10,
summer,FirLopSo,,Moss,7,poju,-3.594832,3.01,4.909,2,-0.664,-0.128,-1.28E-10,-4.26667E-11,-1.19467E-09,-7.32804E-10,
summer,FirLopSo,,Moss,NW,poju,-3.644232,1.61,4.909,2,1.242,-0.243,-2.43E-10,-8.1E-11,-2.268E-09,-7.42874E-10,
summer,FirLopSo,,Moss,6,poju,-3.645968,1.27,4.909,2,0,-0.308,-3.08E-10,-1.02667E-10,-2.87467E-09,-7.43228E-10,
summer,FirLopSo,,Moss,9,poju,-3.794104,2.76,4.909,2,0,-0.147,-1.47E-10,-4.9E-11,-1.372E-09,-7.73426E-10,
summer,FirLopSo,,Moss,8,poju,-4.066792,3.2,4.909,2,0,-0.136,-1.36E-10,-4.53333E-11,-1.26933E-09,-8.29012E-10,
fall,GibFalls,,Moss,6,uknown,-1.6016216,5.65,4.909,2,8.142,-0.032,-3.2E-11,-1.06667E-11,-2.98667E-10,-3.4345E-10,
fall,GibFalls,,Moss,4,uknown,-2.3733896,2.28,4.909,2,4.386,-0.117,-1.17E-10,-3.9E-11,-1.092E-09,-5.08948E-10,
fall,GibFalls,,Moss,5,unkown,-2.4870936,3.29,4.909,2,10.638,-0.085,-8.5E-11,-2.83333E-11,-7.93333E-10,-5.3333E-10,
fall,GibFalls,,Moss,3,unkown,-2.5972376,2.47,4.909,2,4.858,-0.119,-1.19E-10,-3.96667E-11,-1.11067E-09,-5.56948E-10,
summer,Glade,2,endo,1,young,-1.321970667,1.11,4.909,2,200.901,-0.092,-9.2E-11,-3.06667E-11,-8.58667E-10,-1.94894E-10,
summer,Glade,3,endo,2,young,-1.943786667,0.71,4.909,2,161.972,-0.212,-2.12E-10,-7.06667E-11,-1.97867E-09,-2.86566E-10,
summer,Berry,1,endo,1,young,-1.563746667,0.54,4.909,2,205.556,-0.286,-2.86E-10,-9.53333E-11,-2.66933E-09,-2.93412E-10,
summer,Glade,1,endo,1,young,-2.507226667,0.51,4.909,2,149.02,-0.381,-3.81E-10,-1.27E-10,-3.556E-09,-3.69632E-10,
summer,Glade,2,endo,2,young,-2.804586667,1.2,4.909,2,188.333,-0.181,-1.81E-10,-6.03333E-11,-1.68933E-09,-4.13472E-10,
summer,Glade,2,endo,3,young,-2.933098667,0.81,4.909,2,176.543,-0.281,-2.81E-10,-9.36667E-11,-2.62267E-09,-4.32418E-10,
summer,Glade,1,endo,2,young,-2.951634667,1.42,4.909,2,169.718,-0.161,-1.61E-10,-5.36667E-11,-1.50267E-09,-4.3515E-10,
summer,Glade,1,endo,3,young,-3.060834667,0.84,4.909,2,186.905,-0.282,-2.82E-10,-9.4E-11,-2.632E-09,-4.51248E-10,
summer,Huck,2,endo,3,young,-2.551538667,1.18,4.909,2,155.085,-0.204,-2.04E-10,-6.8E-11,-1.904E-09,-4.5794E-10,
summer,Glade,3,endo,3,young,-3.221450667,1.28,4.909,2,171.875,-0.195,-1.95E-10,-6.5E-11,-1.82E-09,-4.74928E-10,
summer,Glade,3,endo,1,young,-3.503746667,1.16,4.909,2,165.517,-0.234,-2.34E-10,-7.8E-11,-2.184E-09,-5.16546E-10,
summer,Berry,1,endo,2,young,-2.753154667,0.46,4.909,2,169.565,-0.59,-5.9E-10,-1.96667E-10,-5.50667E-09,-5.16586E-10,
summer,Huck,3,endo,1,young,-2.881386667,0.41,4.909,2,109.756,-0.663,-6.63E-10,-2.21E-10,-6.188E-09,-5.1714E-10,
summer,Huck,1,endo,2,young,-2.984090667,2,4.909,2,173.5,-0.141,-1.41E-10,-4.7E-11,-1.316E-09,-5.35572E-10,
summer,Berry,3,endo,3,young,-2.856962667,0.33,4.909,2,184.848,-0.854,-8.54E-10,-2.84667E-10,-7.97067E-09,-5.36064E-10,
summer,Huck,1,endo,3,young,-3.004418667,1.51,4.909,2,167.55,-0.188,-1.88E-10,-6.26667E-11,-1.75467E-09,-5.39222E-10,
summer,Berry,2,endo,2,young,-2.889610667,0.6,4.909,2,213.333,-0.475,-4.75E-10,-1.58333E-10,-4.43333E-09,-5.4219E-10,
summer,Berry,3,endo,2,young,-2.903794667,0.97,4.909,2,196.907,-0.295,-2.95E-10,-9.83333E-11,-2.75333E-09,-5.4485E-10,
summer,Huck,2,endo,1,young,-3.050578667,0.89,4.909,2,167.416,-0.323,-3.23E-10,-1.07667E-10,-3.01467E-09,-5.47506E-10,
summer,Huck,3,endo,3,young,-3.065730667,0.64,4.909,2,154.688,-0.452,-4.52E-10,-1.50667E-10,-4.21867E-09,-5.50226E-10,
summer,Huck,2,endo,2,young,-3.105210667,1.21,4.909,2,148.76,-0.242,-2.42E-10,-8.06667E-11,-2.25867E-09,-5.5731E-10,
summer,Huck,3,endo,2,young,-3.264530667,0.89,4.909,2,152.809,-0.346,-3.46E-10,-1.15333E-10,-3.22933E-09,-5.85906E-10,
summer,Berry,2,endo,1,young,-3.184970667,0.69,4.909,2,205.797,-0.455,-4.55E-10,-1.51667E-10,-4.24667E-09,-5.97608E-10,
summer,Berry,3,endo,1,young,-3.199018667,0.43,4.909,2,190.698,-0.734,-7.34E-10,-2.44667E-10,-6.85067E-09,-6.00244E-10,
summer,Berry,2,endo,3,young,-3.219362667,0.64,4.909,2,198.438,-0.496,-4.96E-10,-1.65333E-10,-4.62933E-09,-6.04062E-10,
summer,Huck,1,endo,1,young,-3.714626667,0.99,4.909,2,184.848,-0.354,-3.54E-10,-1.18E-10,-3.304E-09,-6.66686E-10,
summer,Berry,1,endo,3,young,-3.726130667,0.74,4.909,2,182.432,-0.497,-4.97E-10,-1.65667E-10,-4.63867E-09,-6.9915E-10,
,,,,,,,,,,,,0,0,0,2.49214E-07,
spring,FirLopSo,,Lichen,NE,,300.9669,4.92,4.909,2,70.12,5.649,5.649E-09,1.883E-09,5.2724E-08,5.2867E-08,
spring,GibFalls,,Moss,SW,,162.217268,1.29,4.909,2,154.26,17.056,1.7056E-08,5.68533E-09,1.59189E-07,4.18516E-08,
spring,GravPit,,Moss,SW,,77.298532,6.01,4.909,2,53.74,1.744,1.744E-09,5.81333E-10,1.62773E-08,1.99428E-08,
spring,GravPit,,Lichen,NE,,57.07102,3.95,4.909,2,36.81,1.96,1.96E-09,6.53333E-10,1.82933E-08,1.47241E-08,
spring,GravPit,,Moss,NW,,49.13298,5.86,4.909,2,47.44,1.137,1.137E-09,3.79E-10,1.0612E-08,1.26762E-08,
spring,BiscBas,,Moss,NE,,27.987116,4.29,4.909,2,72.03,0.602,6.02E-10,2.00667E-10,5.61867E-09,4.91614E-09,
spring,GibFalls,,Moss,NE,,11.279756,6.08,4.909,2,48.85,0.252,2.52E-10,8.4E-11,2.352E-09,2.91014E-09,
spring,FounEast,,Moss,NE,,7.467432,0.67,4.909,2,179.1,1.512,1.512E-09,5.04E-10,1.4112E-08,1.92657E-09,
spring,FirLopSo,,Wood,NE,,10.27995867,2.2,4.909,2,183.64,0.432,4.32E-10,1.44E-10,4.032E-09,1.80575E-09,
spring,BiscBas,,Moss,SW,,8.251468,3.15,4.909,2,125.4,0.242,2.42E-10,8.06667E-11,2.25867E-09,1.44943E-09,
spring,GravPit,,Wood,NW,,3.187430667,2.87,4.909,2,131.01,0.151,1.51E-10,5.03333E-11,1.40933E-09,8.22348E-10,
spring,FirLopSo,,Moss,NE,,4.586844,2.5,4.909,2,40.4,0.169,1.69E-10,5.63333E-11,1.57733E-09,8.05714E-10,
spring,FirLopSo,,Lichen,SE,,4.143164,2.14,4.909,2,87.38,0.179,1.79E-10,5.96667E-11,1.67067E-09,7.27778E-10,
spring,FounEast,,Lichen,NE,,2.796744,2.86,4.909,2,64.12,0.133,1.33E-10,4.43333E-11,1.24133E-09,7.21552E-10,
spring,BiscBas,,Moss,SE,,3.940884,4.69,4.909,2,44.56,0.078,7.8E-11,2.6E-11,7.28E-10,6.92246E-10,
spring,GibFalls,,Soil,SW,,1.909329333,8.46,4.909,2,22.32,0.031,3.1E-11,1.03333E-11,2.89333E-10,4.926E-10,
spring,GravPit,,Lichen,NW,,1.896508,1.87,4.909,2,91.39,0.138,1.38E-10,4.6E-11,1.288E-09,4.89294E-10,
spring,FirLopSo,,Moss,SE,,2.293076,3.42,4.909,2,28.07,0.062,6.2E-11,2.06667E-11,5.78667E-10,4.02796E-10,
spring,BiscBas,,Soil,SE,,2.283569333,0.88,4.909,2,727.27,0.24,2.4E-10,8E-11,2.24E-09,4.01126E-10,
spring,FirLopSo,,Soil,NW,,1.096513333,11.15,4.909,2,43.83,0.014,1.4E-11,4.66667E-12,1.30667E-10,2.87388E-10,
spring,GibFalls,,Soil,NE,,1.091153333,6.19,4.909,2,17.03,0.024,2.4E-11,8E-12,2.24E-10,2.81514E-10,
spring,BiscBas,,Moss,Blank,,1.584156,7.83,4.909,2,35.5,0.019,1.9E-11,6.33333E-12,1.77333E-10,2.78268E-10,
spring,FounEast,,Lichen,SW,,0.968688,0.89,4.909,2,183.15,0.148,1.48E-10,4.93333E-11,1.38133E-09,2.49918E-10,
spring,FirLopSo,,Moss,SW,,1.415916,3.07,4.909,2,26.71,0.043,4.3E-11,1.43333E-11,4.01333E-10,2.48716E-10,
spring,GibFalls,,Wood,NW,,0.959070667,2.58,4.909,2,181.4,0.05,5E-11,1.66667E-11,4.66667E-10,2.47438E-10,
spring,FounEast,,Soil,SW,,0.938077333,13.61,4.909,2,35.15,0.009,9E-12,3E-12,8.4E-11,2.4202E-10,
spring,FounEast,,Soil,NE,,0.905913333,9.45,4.909,2,44.41,0.013,1.3E-11,4.33333E-12,1.21333E-10,2.33722E-10,
spring,BiscBas,,Wood,SE,,1.280118667,2.21,4.909,2,398.19,0.053,5.3E-11,1.76667E-11,4.94667E-10,2.24862E-10,
spring,FounEast,,Wood,NW,,0.855250667,1.94,4.909,2,114.64,0.06,6E-11,2E-11,5.6E-10,2.20652E-10,
spring,FounEast,,Soil,NW,,0.840457333,12.63,4.909,2,28.53,0.009,9E-12,3E-12,8.4E-11,2.16836E-10,
spring,GravPit,,Soil,NW,,0.803057333,11.97,4.909,2,29.51,0.009,9E-12,3E-12,8.4E-11,2.07186E-10,
spring,BiscBas,,Soil,SW,,1.121129333,0.61,4.909,2,729.51,0.17,1.7E-10,5.66667E-11,1.58667E-09,1.96935E-10,
spring,FounEast,,Litter,SW,,0.758575333,1.65,4.909,2,43.64,0.062,6.2E-11,2.06667E-11,5.78667E-10,1.9571E-10,
spring,FounEast,,Moss,SW,,0.730504,2.18,4.909,2,51.38,0.045,4.5E-11,1.5E-11,4.2E-10,1.88468E-10,
spring,FirLopSo,,Moss,Blank,,0.718628,6.4,4.909,2,45.47,0.015,1.5E-11,5E-12,1.4E-10,1.88347E-10,
spring,FounEast,,Wood,SW,,0.716170667,2.91,4.909,2,121.99,0.033,3.3E-11,1.1E-11,3.08E-10,1.8477E-10,
spring,BiscBas,,Soil,NW,,1.029185333,14.09,4.909,2,34.07,0.007,7E-12,2.33333E-12,6.53333E-11,1.80784E-10,
spring,FirLopSo,,Soil,SE,,0.997681333,6.86,4.909,2,38.98,0.013,1.3E-11,4.33333E-12,1.21333E-10,1.7525E-10,
spring,FirLopSo,,Soil,NE,,0.954009333,8.72,4.909,2,46.45,0.01,1E-11,3.33333E-12,9.33333E-11,1.67579E-10,
spring,GravPit,,Moss,NE,,0.594212,0.61,4.909,2,362.3,0.132,1.32E-10,4.4E-11,1.232E-09,1.53305E-10,
spring,GravPit,,Soil,SW,,0.574585333,10.27,4.909,2,43.67,0.008,8E-12,2.66667E-12,7.46667E-11,1.48241E-10,
spring,FounEast,,Litter,NE,,0.560159333,1.7,4.909,2,111.76,0.045,4.5E-11,1.5E-11,4.2E-10,1.44519E-10,
spring,FirLopSo,,Soil,Blank,,0.526817333,12.26,4.909,2,39.9,0.006,6E-12,2E-12,5.6E-11,1.38075E-10,
spring,FirLopSo,,Wood,SW,,0.780542667,2.1,4.909,2,156.67,0.034,3.4E-11,1.13333E-11,3.17333E-10,1.37108E-10,
spring,BiscBas,,Soil,NE,,0.754177333,13.11,4.909,2,35.85,0.005,5E-12,1.66667E-12,4.66667E-11,1.32477E-10,
spring,BiscBas,,Soil,Blank,,0.754177333,7.64,4.909,2,43.83,0.009,9E-12,3E-12,8.4E-11,1.32477E-10,
spring,FirLopSo,,Moss,NW,,0.753908,1.57,4.909,2,133.12,0.044,4.4E-11,1.46667E-11,4.10667E-10,1.3243E-10,
spring,BiscBas,,Lichen,SE,,0.752444,0.67,4.909,2,210.45,0.104,1.04E-10,3.46667E-11,9.70667E-10,1.32172E-10,
spring,GravPit,,Litter,NE,,0.444875333,1.41,4.909,2,51.77,0.043,4.3E-11,1.43333E-11,4.01333E-10,1.14776E-10,
spring,BiscBas,,Litter,NE,,0.375371333,1.45,4.909,2,166.9,0.036,3.6E-11,1.2E-11,3.36E-10,9.83818E-11,
spring,FirLopSo,,Soil,SW,,0.516441333,7.75,4.909,2,42.88,0.006,6E-12,2E-12,5.6E-11,9.07168E-11,
summer,Berry,3,rhizo,4,,0.441754667,1.55,4.909,2,22.581,0.028,2.8E-11,9.33333E-12,2.61333E-10,8.28882E-11,
spring,GravPit,,Soil,NE,,0.308753333,15.38,4.909,2,20.05,0.003,3E-12,1E-12,2.8E-11,7.96574E-11,
spring,GibFalls,,Soil,NW,,0.295249333,11.48,4.909,2,27.03,0.003,3E-12,1E-12,2.8E-11,7.61734E-11,
spring,GravPit,,Litter,NW,,0.273123333,1.27,4.909,2,53.54,0.029,2.9E-11,9.66667E-12,2.70667E-10,7.0465E-11,
spring,BiscBas,,Lichen,NW,,0.398628,2.85,4.909,2,154.39,0.013,1.3E-11,4.33333E-12,1.21333E-10,7.0022E-11,
spring,FounEast,,Litter,NW,,0.269687333,0.96,4.909,2,32.29,0.038,3.8E-11,1.26667E-11,3.54667E-10,6.95784E-11,
spring,BiscBas,,Wood,NE,,0.323486667,2.47,4.909,2,232.79,0.012,1.2E-11,4E-12,1.12E-10,5.68228E-11,
spring,BiscBas,,Lichen,NE,,0.257652,3.01,4.909,2,96.01,0.008,8E-12,2.66667E-12,7.46667E-11,4.52584E-11,
spring,FirLopSo,,Lichen,SW,,0.115412,3.29,4.909,2,35.56,0.003,3E-12,1E-12,2.8E-11,2.0273E-11,
spring,GravPit,,Wood,NE,,0.031118667,2.57,4.909,2,178.21,0.002,2E-12,6.66667E-13,1.86667E-11,8.02852E-12,
fall,GibFalls,,Litter,1,NA,-2.5651448,0.62,4.909,2,8.065,-0.466,-4.66E-10,-1.55333E-10,-4.34933E-09,-5.50066E-10,
spring,FirLopSo,,Wood,SE,,0.039846667,2.74,4.909,2,194.16,0.001,1E-12,3.33333E-13,9.33333E-12,6.99936E-12,
spring,FirLopSo,,Litter,NW,,0.036579333,1.28,4.909,2,19.53,0.003,3E-12,1E-12,2.8E-11,6.42544E-12,
spring,BiscBas,,Lichen,SW,,0.000836,3.74,4.909,2,100,0,0,0,0,1.4685E-13,
spring,BiscBas,,Litter,SW,,-0.078156667,1.55,4.909,2,258.71,-0.005,-5E-12,-1.66667E-12,-4.66667E-11,-1.37288E-11,
spring,FirLopSo,,Litter,Blank,,-0.091476667,1.41,4.909,2,57.45,-0.006,-6E-12,-2E-12,-5.6E-11,-1.60686E-11,
fall,GibFalls,,Litter,3,NA,-2.6304648,0.77,4.909,2,9.091,-0.385,-3.85E-10,-1.28333E-10,-3.59333E-09,-5.64074E-10,
spring,FirLopSo,,Litter,SE,,-0.112172667,1.02,4.909,2,41.18,-0.01,-1E-11,-3.33333E-12,-9.33333E-11,-1.9704E-11,
spring,GibFalls,,Lichen,NW,,-0.0815,0.26,4.909,2,80.77,-0.043,-4.3E-11,-1.43333E-11,-4.01333E-10,-2.10268E-11,
spring,FirLopSo,,Wood,NW,,-0.206537333,1.49,4.909,2,112.75,-0.013,-1.3E-11,-4.33333E-12,-1.21333E-10,-3.62798E-11,
spring,BiscBas,,Wood,Blank,,-0.358761333,3.06,4.909,2,159.8,-0.011,-1.1E-11,-3.66667E-12,-1.02667E-10,-6.3019E-11,
spring,FirLopSo,,Wood,Blank,,-0.366889333,2.11,4.909,2,244.08,-0.016,-1.6E-11,-5.33333E-12,-1.49333E-10,-6.44468E-11,
spring,GravPit,,Litter,SW,,-0.250036667,0.78,4.909,2,33.33,-0.043,-4.3E-11,-1.43333E-11,-4.01333E-10,-6.45086E-11,
spring,GibFalls,,Lichen,NE,,-0.334276,2.63,4.909,2,70.72,-0.017,-1.7E-11,-5.66667E-12,-1.58667E-10,-8.62422E-11,
spring,BiscBas,,Litter,Blank,,-0.335012667,2.12,4.909,2,65.09,-0.022,-2.2E-11,-7.33333E-12,-2.05333E-10,-8.78042E-11,
spring,FirLopSo,,Litter,SW,,-0.515036667,0.85,4.909,2,29.41,-0.056,-5.6E-11,-1.86667E-11,-5.22667E-10,-9.047E-11,
spring,BiscBas,,Moss,NW,,-0.543748,2.36,4.909,2,120.76,-0.021,-2.1E-11,-7E-12,-1.96E-10,-9.55134E-11,
spring,FirLopSo,,Litter,NE,,-0.366324667,1.11,4.909,2,21.62,-0.045,-4.5E-11,-1.5E-11,-4.2E-10,-9.60108E-11,
spring,BiscBas,,Wood,SW,,-0.639945333,3.02,4.909,2,192.38,-0.02,-2E-11,-6.66667E-12,-1.86667E-10,-1.12411E-10,
spring,FounEast,,Lichen,NW,,-0.454896,1.15,4.909,2,297.39,-0.054,-5.4E-11,-1.8E-11,-5.04E-10,-1.17362E-10,
spring,FounEast,,Moss,NW,,-0.459472,2.37,4.909,2,68.78,-0.026,-2.6E-11,-8.66667E-12,-2.42667E-10,-1.18542E-10,
spring,BiscBas,,Litter,NW,,-0.505660667,1.78,4.909,2,89.33,-0.039,-3.9E-11,-1.3E-11,-3.64E-10,-1.3253E-10,
spring,GibFalls,,Wood,NE,,-0.528001333,1.49,4.909,2,239.6,-0.048,-4.8E-11,-1.6E-11,-4.48E-10,-1.36223E-10,
spring,BiscBas,,Litter,SE,,-0.794532667,1.59,4.909,2,264.78,-0.046,-4.6E-11,-1.53333E-11,-4.29333E-10,-1.39566E-10,
spring,GravPit,,Lichen,SW,,-0.543732,0.88,4.909,2,139.07,-0.084,-8.4E-11,-2.8E-11,-7.84E-10,-1.40281E-10,
spring,BiscBas,,Wood,NW,,-0.612041333,3.12,4.909,2,179.49,-0.027,-2.7E-11,-9E-12,-2.52E-10,-1.60411E-10,
summer,Huck,3,rhizo,4,,-1.008973333,0.68,4.909,2,2.941,-0.14,-1.4E-10,-4.66667E-11,-1.30667E-09,-1.81087E-10,
spring,GibFalls,,Moss,NW,,-0.980372,0.73,4.909,2,91.78,-0.182,-1.82E-10,-6.06667E-11,-1.69867E-09,-2.52932E-10,
summer,Glade,3,rhizo,1,,-1.777301333,0.62,4.909,2,24.194,-0.222,-2.22E-10,-7.4E-11,-2.072E-09,-2.62022E-10,
summer,Berry,1,rhizo,4,,-1.407005333,1.3,4.909,2,1.538,-0.107,-1.07E-10,-3.56667E-11,-9.98667E-10,-2.64002E-10,
summer,Glade,2,rhizo,1,,-1.845045333,0.34,4.909,2,8.824,-0.421,-4.21E-10,-1.40333E-10,-3.92933E-09,-2.7201E-10,
summer,Glade,2,rhizo,3,,-1.900757333,0.74,4.909,2,8.108,-0.199,-1.99E-10,-6.63333E-11,-1.85733E-09,-2.80222E-10,
summer,Glade,1,rhizo,4,,-1.959469333,0.89,4.909,2,19.101,-0.171,-1.71E-10,-5.7E-11,-1.596E-09,-2.88878E-10,
summer,Glade,2,rhizo,4,,-2.011181333,0.99,4.909,2,21.212,-0.157,-1.57E-10,-5.23333E-11,-1.46533E-09,-2.96502E-10,
summer,Glade,2,rhizo,2,,-2.115125333,0.22,4.909,2,45.455,-0.745,-7.45E-10,-2.48333E-10,-6.95333E-09,-3.11826E-10,
summer,Glade,3,rhizo,3,,-2.170389333,0.61,4.909,2,4.918,-0.276,-2.76E-10,-9.2E-11,-2.576E-09,-3.19974E-10,
summer,Glade,1,rhizo,2,,-2.198149333,0.54,4.909,2,3.704,-0.315,-3.15E-10,-1.05E-10,-2.94E-09,-3.24066E-10,
summer,Glade,3,rhizo,4,,-2.208365333,0.38,4.909,2,18.421,-0.45,-4.5E-10,-1.5E-10,-4.2E-09,-3.25572E-10,
summer,Glade,3,rhizo,2,,-2.264677333,0.54,4.909,2,35.185,-0.325,-3.25E-10,-1.08333E-10,-3.03333E-09,-3.33874E-10,
summer,Glade,1,rhizo,1,,-2.286341333,0.52,4.909,2,1.923,-0.341,-3.41E-10,-1.13667E-10,-3.18267E-09,-3.37068E-10,
summer,Berry,2,rhizo,1,,-1.849701333,1.06,4.909,2,2.83,-0.172,-1.72E-10,-5.73333E-11,-1.60533E-09,-3.47066E-10,
summer,Huck,1,rhizo,3,,-2.032365333,0.61,4.909,2,9.836,-0.314,-3.14E-10,-1.04667E-10,-2.93067E-09,-3.6476E-10,
summer,Berry,1,rhizo,1,,-1.956757333,0.63,4.909,2,3.175,-0.306,-3.06E-10,-1.02E-10,-2.856E-09,-3.67154E-10,
summer,Berry,3,rhizo,3,,-1.984901333,1.57,4.909,2,7.006,-0.125,-1.25E-10,-4.16667E-11,-1.16667E-09,-3.72436E-10,
summer,Huck,1,rhizo,4,,-2.084125333,0.76,4.909,2,7.895,-0.259,-2.59E-10,-8.63333E-11,-2.41733E-09,-3.7405E-10,
summer,Berry,2,rhizo,2,,-2.004677333,1.02,4.909,2,3.922,-0.194,-1.94E-10,-6.46667E-11,-1.81067E-09,-3.76146E-10,
summer,Huck,3,rhizo,1,,-2.110509333,1.19,4.909,2,4.202,-0.167,-1.67E-10,-5.56667E-11,-1.55867E-09,-3.78786E-10,
summer,Glade,1,rhizo,3,,-2.654461333,1.35,4.909,2,28.148,-0.152,-1.52E-10,-5.06667E-11,-1.41867E-09,-3.91338E-10,
summer,Huck,2,rhizo,1,,-2.187557333,2.01,4.909,2,5.473,-0.103,-1.03E-10,-3.43333E-11,-9.61333E-10,-3.92614E-10,
summer,Berry,3,rhizo,2,,-2.124509333,1.04,4.909,2,1.923,-0.202,-2.02E-10,-6.73333E-11,-1.88533E-09,-3.9863E-10,
summer,Berry,1,rhizo,2,,-2.178973333,0.91,4.909,2,3.297,-0.236,-2.36E-10,-7.86667E-11,-2.20267E-09,-4.0885E-10,
summer,Huck,2,rhizo,3,,-2.278397333,1.03,4.909,2,5.825,-0.209,-2.09E-10,-6.96667E-11,-1.95067E-09,-4.08918E-10,
summer,Huck,2,rhizo,2,,-2.311653333,0.58,4.909,2,5.172,-0.376,-3.76E-10,-1.25333E-10,-3.50933E-09,-4.14886E-10,
summer,Huck,3,rhizo,2,,-2.349125333,0.09,4.909,2,344.444,-2.463,-2.463E-09,-8.21E-10,-2.2988E-08,-4.21612E-10,
summer,Berry,1,rhizo,3,,-2.266765333,0.95,4.909,2,1.053,-0.235,-2.35E-10,-7.83333E-11,-2.19333E-09,-4.25322E-10,
summer,Huck,1,rhizo,2,,-2.417165333,0.52,4.909,2,1.923,-0.439,-4.39E-10,-1.46333E-10,-4.09733E-09,-4.33824E-10,
summer,Huck,3,rhizo,3,,-2.438677333,1.27,4.909,2,9.449,-0.181,-1.81E-10,-6.03333E-11,-1.68933E-09,-4.37684E-10,
summer,Huck,1,rhizo,1,,-2.462101333,0.85,4.909,2,3.529,-0.273,-2.73E-10,-9.1E-11,-2.548E-09,-4.41888E-10,
summer,Berry,2,rhizo,3,,-2.429829333,1.1,4.909,2,4.545,-0.218,-2.18E-10,-7.26667E-11,-2.03467E-09,-4.55918E-10,
summer,Berry,3,rhizo,1,,-2.481213333,1.07,4.909,2,2.804,-0.229,-2.29E-10,-7.63333E-11,-2.13733E-09,-4.6556E-10,
summer,Huck,2,rhizo,4,,-3.023293333,1.69,4.909,2,6.509,-0.169,-1.69E-10,-5.63333E-11,-1.57733E-09,-5.42608E-10,
